lr_enc,lr_dec,lr_dyn,lr_dyn_scale,epoch,t_total,t_static_recon,t_kl,t_dyn_recon,t_dyn,t_steady,t_dyn_attn,t_attn_pos,v_total,v_static_recon,v_kl,v_dyn_recon,v_dyn,v_steady,v_dyn_attn,v_attn_pos
0.001,0.001,0.001,0.001,1.0,0.0019697121355311885,0.00018748829317447754,0.04265580274883134,0.00016804666228348888,9.629862114690109e-05,0.001978862142526947,0.0,0.0,0.0008801063516752606,0.00012030154339047686,0.03587139363079329,7.170814112488406e-05,2.0696601484865973e-05,0.0001912938496203214,0.0,0.0
0.001,0.001,0.001,0.001,2.0,0.000436291828238946,4.9594589593558064e-05,0.0497222040663728,3.273457855108497e-05,2.677674863834045e-05,0.00027806283394931,0.0,0.0,0.0004768361672718298,7.092909829310304e-05,0.04163030323040564,3.621861444108842e-05,1.6833979930091803e-05,1.628876567771862e-05,0.0,0.0
0.001,0.001,0.001,0.001,3.0,0.0003258441086782684,3.8829580155440877e-05,0.04898101388919014,2.331667696143053e-05,2.5389442464332883e-05,9.311193043225167e-05,0.0,0.0,0.00039002830412287743,6.759454228772281e-05,0.03712805449680027,2.8335033765386716e-05,1.4384100356632757e-05,2.067833559553293e-05,0.0,0.0
0.001,0.001,0.001,0.001,4.0,0.00026821103931877954,3.320062440638601e-05,0.04832079071065181,1.8208815856632743e-05,2.5674011049590942e-05,8.136251845731141e-05,0.0,0.0,0.00035886069069216385,6.085708935644524e-05,0.03774581330045134,2.5701068523466446e-05,1.8069144351593693e-05,5.760745987799467e-05,0.0,0.0
0.001,0.001,0.001,0.001,5.0,0.0002707993949656572,3.295893720150659e-05,0.04600341435057199,1.8558947734798522e-05,3.355496787266773e-05,0.00011568270548319589,0.0,0.0,0.00032187661424891943,4.891763873215572e-05,0.036597182000100745,2.3345042455663433e-05,2.487172720542504e-05,1.696780468057875e-05,0.0,0.0
0.001,0.001,0.001,0.001,6.0,0.00018887032713663964,2.496282414798529e-05,0.042869490557054725,1.1642155110275435e-05,3.32854031760341e-05,5.151676123735811e-05,0.0,0.0,0.0002754396344344848,4.679822017216068e-05,0.035473070957206795,1.901272100757206e-05,1.92197557887386e-05,4.476626300630666e-05,0.0,0.0
0.001,0.001,0.001,0.001,7.0,0.00019146787155376963,2.4789790770266613e-05,0.04117317987235031,1.2062779034914356e-05,3.4341611433429876e-05,5.771791192976685e-05,0.0,0.0,0.00024392101980771607,3.95724982795775e-05,0.03639345076464981,1.6488391254912385e-05,1.780242532320702e-05,5.163659290388501e-05,0.0,0.0
0.001,0.001,0.001,0.001,8.0,0.00018869220001874716,2.4083735255815683e-05,0.04046581671006005,1.1901985580173106e-05,3.6541886900709484e-05,5.874405395495055e-05,0.0,0.0,0.0002369505441496264,3.9852295123490035e-05,0.03490650454939585,1.5785720330462378e-05,2.005862597107265e-05,9.314707602390559e-05,0.0,0.0
0.001,0.001,0.001,0.001,9.0,0.00017384090216712855,2.254124303281982e-05,0.039642976399954004,1.067551151310874e-05,3.624967876227982e-05,5.1063904208312515e-05,0.0,0.0,0.00024831567107707286,3.976375510976232e-05,0.03460011646466739,1.7072377643709458e-05,2.055670885471405e-05,4.6894040145013916e-05,0.0,0.0
0.001,0.001,0.001,0.001,10.0,0.0001608961325880817,2.1292045522319613e-05,0.03940829556954333,9.545341612632072e-06,3.554261090209721e-05,4.752449359354271e-05,0.0,0.0,0.00023142006900365295,3.951686077771938e-05,0.03400024913528555,1.543628756896617e-05,1.8727824426764163e-05,6.669200867663099e-05,0.0,0.0
0.001,0.001,0.001,0.001,11.0,0.0001679842466426749,2.1680986284552217e-05,0.03866509450728618,1.0225883837423604e-05,3.839492549463557e-05,6.159334022485177e-05,0.0,0.0,0.0002036079445773672,3.3628408464057646e-05,0.03395662987693047,1.3102205481518972e-05,2.4086637867057892e-05,0.00010368742784424084,0.0,0.0
0.001,0.001,0.001,0.001,12.0,0.00015090922785554025,2.0303657925251702e-05,0.03841857406712204,8.74449575782841e-06,3.654441333293896e-05,4.3503809003700775e-05,0.0,0.0,0.00022549477307687028,3.512090318473694e-05,0.03578745204218976,1.4975626095773633e-05,1.849420285699098e-05,0.00011922945207315019,0.0,0.0
0.001,0.001,0.001,0.001,13.0,0.00015896582518049387,2.068575319417684e-05,0.037789008011572735,9.534137065620823e-06,3.784635492901707e-05,5.460223296354512e-05,0.0,0.0,0.0002095793550034182,3.0605104854162295e-05,0.03507472586666555,1.4009741012295786e-05,2.4216655979763615e-05,5.521786172978205e-05,0.0,0.0
0.001,0.001,0.001,0.001,14.0,0.00014888207135431384,1.9812774591242025e-05,0.038216717772180366,8.618228261258048e-06,3.5978301967269176e-05,4.2898565367644406e-05,0.0,0.0,0.00020488461375611485,3.634427594211846e-05,0.03324591683089342,1.3124642706524382e-05,2.2358032498053258e-05,7.248759235494534e-05,0.0,0.0
0.001,0.001,0.001,0.001,15.0,0.00016083622450509293,2.0685921084510617e-05,0.0383109490065832,9.649352320300393e-06,3.67128831440166e-05,6.698163969727574e-05,0.0,0.0,0.00028411960328625477,3.863970853013335e-05,0.03399367244094936,2.0327944855505797e-05,3.1070186094059005e-05,0.00020399010542543764,0.0,0.0
0.001,0.001,0.001,0.001,16.0,0.00013241002862157442,1.8225861514621014e-05,0.03737148018941055,7.191469096892052e-06,3.990346842256067e-05,3.6305890663045174e-05,0.0,0.0,0.00019279346704709918,3.073235765913159e-05,0.03575226601503958,1.210468936706179e-05,2.1569632544170207e-05,0.00012419939648773028,0.0,0.0
0.001,0.001,0.001,0.001,17.0,0.00014458956894154265,1.9136474228179693e-05,0.037629557486805576,8.267406430112522e-06,3.8964243513792235e-05,5.012186391457994e-05,0.0,0.0,0.00024135279311084568,2.9650650412871018e-05,0.03839877779295982,1.6864100422208008e-05,2.7925049811418426e-05,7.479415812399197e-05,0.0,0.0
0.001,0.001,0.001,0.001,18.0,0.0001358963923957727,1.8403672949622364e-05,0.037857300507476696,7.4805711533285995e-06,3.722819080896363e-05,4.427546414941213e-05,0.0,0.0,0.00019334557460774521,2.9584711089071e-05,0.03645014186830611,1.2150597361942691e-05,2.187830811512841e-05,0.00014467662326681795,0.0,0.0
0.001,0.001,0.001,0.001,19.0,0.00015087255479755265,1.9660259285299524e-05,0.03782110108452544,8.845541556800832e-06,3.6022263399493814e-05,5.334205012128955e-05,0.0,0.0,0.0002202233086906667,3.375850784548006e-05,0.03308764310386562,1.4812097706546516e-05,2.776206359915676e-05,9.919891045934893e-05,0.0,0.0
0.001,0.001,0.001,0.001,20.0,0.00012506670077975596,1.7412252429194554e-05,0.037418659372944016,6.593037378423107e-06,3.4470048515475613e-05,3.433633016581959e-05,0.0,0.0,0.0001720406060413757,2.5397530540320915e-05,0.03742859951124671,1.057186176645723e-05,1.993829909321648e-05,6.008105444056841e-05,0.0,0.0
0.001,0.001,0.001,0.001,21.0,0.00013414936585366344,1.808787923480977e-05,0.03756660469321984,7.390545980774914e-06,3.423590244749372e-05,4.663321315579372e-05,0.0,0.0,0.00019476468848315205,2.6686392626609655e-05,0.038051344644492946,1.237656992066332e-05,2.0628540834992405e-05,0.00016793582576036964,0.0,0.0
0.001,0.001,0.001,0.001,22.0,0.00013111801414306338,1.7955326852640023e-05,0.03787579856687962,7.105288034754526e-06,3.309293212712905e-05,3.6988517210544486e-05,0.0,0.0,0.00020705980604448587,2.766515223979274e-05,0.03813111282107953,1.3636619098044924e-05,2.0711174948321193e-05,0.00011304922474165773,0.0,0.0
0.001,0.001,0.001,0.001,23.0,0.0001287372396563825,1.7576964241849163e-05,0.038170426662802084,6.890913758915861e-06,3.085576735771374e-05,3.980529758787174e-05,0.0,0.0,0.00016230631537411436,2.479976587331895e-05,0.03802229561873546,9.58226666823393e-06,1.6469940474077607e-05,8.058365294556959e-05,0.0,0.0
0.001,0.001,0.001,0.001,24.0,0.00014910399335532303,1.935845553076429e-05,0.038457138253271274,8.65032706067001e-06,3.2430333557953745e-05,6.168375592902384e-05,0.0,0.0,0.00019263894005762148,2.902583054061891e-05,0.034789638953822796,1.2400389228013887e-05,2.519529809833585e-05,9.200190932946423e-05,0.0,0.0
0.001,0.001,0.001,0.001,25.0,0.00012044284980841179,1.687478116777e-05,0.03783500926836749,6.1949328354825856e-06,3.187733827101813e-05,2.3839826332543894e-05,0.0,0.0,0.0001818518839611106,3.107849668457025e-05,0.0352933763870786,1.1180613569941279e-05,1.8545908468636374e-05,7.277128830016132e-05,0.0,0.0
0.001,0.001,0.001,0.001,26.0,0.00013296678788607763,1.792196711569327e-05,0.03754261999175681,7.274414759826308e-06,3.534054988061503e-05,4.895986642679085e-05,0.0,0.0,0.00017327382572740452,2.9403761987568284e-05,0.03538101973497111,1.046901922147908e-05,1.9708255468095576e-05,7.312098067297304e-05,0.0,0.0
0.001,0.001,0.001,0.001,27.0,0.00012762703570817652,1.735268531782597e-05,0.03819618007150512,6.814397364196591e-06,3.1297728579499095e-05,3.217688734416097e-05,0.0,0.0,0.00019766881112719158,3.198980533936177e-05,0.03527498184373829,1.2561340758705718e-05,2.0393800724418597e-05,0.00011004937577817418,0.0,0.0
0.001,0.001,0.001,0.001,28.0,0.00012297106201285043,1.7030094297335658e-05,0.03820794280876564,6.391575603527633e-06,3.053727414204392e-05,3.054158416227668e-05,0.0,0.0,0.00018698057034705038,2.6530225346521098e-05,0.03800849652394685,1.1863302089122615e-05,2.173871226534223e-05,6.539814985431269e-05,0.0,0.0
0.001,0.001,0.001,0.001,29.0,0.00013357660063403762,1.788465400528714e-05,0.037992446995146686,7.325425994158457e-06,3.169781173296247e-05,5.1018251741100986e-05,0.0,0.0,0.00016745608244352804,2.72807611143529e-05,0.035103839333695624,9.978739034370818e-06,2.464101527251882e-05,0.00011279953247222187,0.0,0.0
0.001,0.001,0.001,0.001,30.0,0.00011699151911735936,1.64697381700187e-05,0.037763928042155476,5.904520864873284e-06,3.079330741038038e-05,2.5332467994870634e-05,0.0,0.0,0.00017980951081348663,2.7972459402492365e-05,0.03651444067231588,1.0959208703241199e-05,1.8771647809755197e-05,0.00015413426977693001,0.0,0.0
0.001,0.001,0.001,0.001,31.0,0.0001245488774623964,1.707227863482926e-05,0.03821369928574797,6.5196777181662856e-06,3.142310510507687e-05,3.695238970899007e-05,0.0,0.0,0.00014486729506967707,2.2013979862975827e-05,0.037354409020804384,8.242896241464083e-06,2.1500665012557473e-05,3.6795047860484594e-05,0.0,0.0
0.001,0.001,0.001,0.001,32.0,0.00011686749005782177,1.649099199647339e-05,0.03820467220359828,5.8528124183126696e-06,2.9903414776161972e-05,2.613432708398864e-05,0.0,0.0,0.00014409180707654852,2.2716742746561172e-05,0.03825887056226542,7.940922859201472e-06,1.8592903156838875e-05,7.390692403144662e-05,0.0,0.0
0.001,0.001,0.001,0.001,33.0,0.00012133542589736198,1.677961539359336e-05,0.03882397853930356,6.203911519092629e-06,2.9674942681482957e-05,2.9008819102783404e-05,0.0,0.0,0.0001613019696543133,2.2772515490480456e-05,0.03952388124123357,9.527763480738004e-06,2.0537216246801793e-05,6.696855622434745e-05,0.0,0.0
0.001,0.001,0.001,0.001,34.0,0.0001275717249955263,1.7254530885018436e-05,0.037702469482615776,6.802609826728071e-06,3.4787903121229694e-05,4.439336931668261e-05,0.0,0.0,0.00017492890467168934,2.2674916471691936e-05,0.040465810638461816,1.0659700379993755e-05,2.2791413416397845e-05,0.00011648119854884131,0.0,0.0
0.001,0.001,0.001,0.001,35.0,0.00012342706339970948,1.6998834741871557e-05,0.038436302134018586,6.399251173112853e-06,3.087873332114735e-05,3.646159588035409e-05,0.0,0.0,0.00016671681772312253,2.8157012257674054e-05,0.03603527894383534,9.812153083167665e-06,2.046740002668228e-05,9.42501499820949e-05,0.0,0.0
0.001,0.001,0.001,0.001,36.0,0.00011737408115409052,1.643730880236875e-05,0.03802913080501478,5.8914889472674575e-06,3.164663129362145e-05,3.312346650619607e-05,0.0,0.0,0.00015862544887800401,2.131572547531313e-05,0.03952390287019839,9.378514158992101e-06,2.1602309910276035e-05,7.361782916646959e-05,0.0,0.0
0.001,0.001,0.001,0.001,37.0,0.00012085773989601186,1.6748898890383852e-05,0.03759484460141257,6.236586982923701e-06,3.2965442709433424e-05,3.4063207743556504e-05,0.0,0.0,0.0001556978708180313,2.4623166605691616e-05,0.037013924628344005,9.015468643346444e-06,2.097721121483522e-05,7.233481751795638e-05,0.0,0.0
0.001,0.001,0.001,0.001,38.0,0.00011202273398413093,1.5999685758041475e-05,0.03802169089624692,5.427941961745641e-06,3.06679760176635e-05,2.6205529134200865e-05,0.0,0.0,0.00014634913888696735,2.280188243888216e-05,0.03865915058652125,8.178372456279313e-06,1.8547147934658047e-05,4.9986586368773177e-05,0.0,0.0
0.001,0.001,0.001,0.001,39.0,0.00013563401237672587,1.80098706549453e-05,0.03751797072676348,7.533875923753296e-06,3.497142459564924e-05,5.081069817981452e-05,0.0,0.0,0.00020336799500092327,2.6428919070770347e-05,0.03897828294098769,1.3355446753185429e-05,2.3641419571870085e-05,8.168727185228673e-05,0.0,0.0
0.001,0.001,0.001,0.001,40.0,0.00011760380119584175,1.6533718564293116e-05,0.03755810420707488,5.9590251191680185e-06,3.2126432242682826e-05,2.836326433950531e-05,0.0,0.0,0.00017133610454091787,2.7291434514302323e-05,0.036455786712929594,1.0423290241823387e-05,1.8545000966107785e-05,6.005914409625881e-05,0.0,0.0
0.001,0.001,0.001,0.001,41.0,0.00011987182421134333,1.655583582295934e-05,0.03757790436548399,6.16363969049183e-06,3.263700963145683e-05,3.35193722631249e-05,0.0,0.0,0.00015909671773682306,2.48121716410963e-05,0.03534325472548615,9.252455409118305e-06,2.549137883871968e-05,0.00015470393074718512,0.0,0.0
0.001,0.001,0.001,0.001,42.0,0.00012390168841471327,1.7082426147826906e-05,0.037278260128133754,6.527491942407946e-06,3.362005921230977e-05,3.616299081337795e-05,0.0,0.0,0.00015441089385222402,2.5600160838578257e-05,0.035670647138144135,8.790325647281195e-06,2.277198333555704e-05,0.00011838517349364846,0.0,0.0
0.001,0.001,0.001,0.001,43.0,0.00010198405752810419,1.5110616098213212e-05,0.0371552338289745,4.5881082952576355e-06,3.3034591121925445e-05,2.1346545800187088e-05,0.0,0.0,0.0001421501714567077,1.9992564548712826e-05,0.0392377369817724,7.973013386009503e-06,2.1878940995802285e-05,4.0073607087727664e-05,0.0,0.0
0.001,0.001,0.001,0.001,44.0,0.00012536119406828542,1.7128984241029362e-05,0.0366759621419344,6.685419818451128e-06,3.537395488828663e-05,4.6586088512444814e-05,0.0,0.0,0.00016252442245150189,2.2495254827272704e-05,0.037333885404769736,9.731848529370134e-06,2.751591947283226e-05,0.00010500814039518283,0.0,0.0
0.001,0.001,0.001,0.001,45.0,0.0001136250303058814,1.6189454247578554e-05,0.03715632967976955,5.637127200476047e-06,3.291143326999963e-05,2.4673167005840894e-05,0.0,0.0,0.0001842686729838516,2.7364004114182513e-05,0.03754017466745787,1.1400612625838149e-05,2.027687363302013e-05,0.00013322713114912225,0.0,0.0
0.001,0.001,0.001,0.001,46.0,0.00011438657785610861,1.618135917090862e-05,0.0375309368537061,5.670535898098169e-06,3.125879972176839e-05,3.372163492424894e-05,0.0,0.0,0.00016896742011656825,2.34318554882131e-05,0.03860561968113366,1.0297978506185778e-05,2.2561571396049853e-05,6.776001296491164e-05,0.0,0.0
0.001,0.001,0.001,0.001,47.0,0.0001230471606909905,1.6950430774442957e-05,0.03621340757555157,6.499554026569163e-06,3.722600868070906e-05,4.660716766321947e-05,0.0,0.0,0.0001754121131699785,2.8426780512815927e-05,0.03487880534494471,1.0684314237438895e-05,2.1290592564938006e-05,0.00012537297722424993,0.0,0.0
0.001,0.001,0.001,0.001,48.0,0.00011282059628460223,1.6141939557666806e-05,0.03725089226121845,5.570153282255035e-06,3.155273710297248e-05,2.2838235882578302e-05,0.0,0.0,0.00014916596914499585,2.2706334911104098e-05,0.038647729319260124,8.301353805119053e-06,2.4170132383271047e-05,9.525410438168394e-05,0.0,0.0
0.001,0.001,0.001,0.001,49.0,0.00012121254929962428,1.6867604793523547e-05,0.03740851285736288,6.291233248414495e-06,3.1292479981050136e-05,3.579396666983789e-05,0.0,0.0,0.00015881641636813845,2.4245194241431366e-05,0.03655344176083738,9.439447186122414e-06,2.1850192367348704e-05,5.7531505991941836e-05,0.0,0.0
0.001,0.001,0.001,0.001,50.0,0.00010321261605312304,1.5333185526773964e-05,0.037281674883830385,4.702878631190737e-06,3.087431491735847e-05,1.9261433334486753e-05,0.0,0.0,0.00014749056224715995,1.9312438220059958e-05,0.04090419612732532,8.439507897833127e-06,2.1594753113418264e-05,2.8774845342536984e-05,0.0,0.0
0.001,0.001,0.001,0.001,51.0,0.00012113208086231135,1.6755991075007694e-05,0.036648839377926526,6.323591949909941e-06,3.299433085026337e-05,4.767583583366664e-05,0.0,0.0,0.00013133095479964324,2.1144556067514598e-05,0.0361205436599072,7.028505367176885e-06,2.3651174349416307e-05,5.662732505309854e-05,0.0,0.0
0.001,0.001,0.001,0.001,52.0,0.00010657548831829195,1.565286763625999e-05,0.03693296694292542,5.027508503012106e-06,3.144699255945659e-05,2.2794716384597787e-05,0.0,0.0,0.00015597792029316943,2.0873089598027824e-05,0.038995967065218504,9.268917325578164e-06,2.2804247859469013e-05,4.557056691212937e-05,0.0,0.0
0.001,0.001,0.001,0.001,53.0,0.0001368304606785055,1.8150214412872928e-05,0.03555202949452496,7.66884310212979e-06,4.493708237661272e-05,7.784302696773456e-05,0.0,0.0,0.00016116136803042433,2.4240856595183018e-05,0.035817121585557964,9.657473626953421e-06,2.446357164775164e-05,8.329180928839087e-05,0.0,0.0
0.001,0.001,0.001,0.001,54.0,0.00012235854157378434,1.6958451023116267e-05,0.03598885287623785,6.460445158469908e-06,3.527429805434634e-05,5.1174172118337705e-05,0.0,0.0,0.00016839498396552583,2.5324410716710947e-05,0.034461646538464195,1.0423157348129282e-05,2.6326878870856725e-05,6.978652675389526e-05,0.0,0.0
0.001,0.001,0.001,0.001,55.0,0.00010149785102216236,1.5144863793212945e-05,0.035666147423575253,4.664752812638264e-06,3.5696482471355645e-05,1.8786458071232407e-05,0.0,0.0,0.00016209090495448802,2.2533793109632997e-05,0.03675429058892287,9.974026243781238e-06,2.4019093499515904e-05,2.6425908403163728e-05,0.0,0.0
0.001,0.001,0.001,0.001,56.0,0.00010971831203804995,1.5889353008084173e-05,0.03600911706017587,5.382272632976656e-06,3.307341711899167e-05,2.7590874636766064e-05,0.0,0.0,0.00014265702529942832,2.0671430918731795e-05,0.037914478076712915,7.97976295051256e-06,2.357472660993786e-05,7.664048099173009e-05,0.0,0.0
0.001,0.001,0.001,0.001,57.0,0.00012277004502949822,1.701070418639468e-05,0.036366920874750935,6.483677122301652e-06,3.415825181323692e-05,4.559286837655881e-05,0.0,0.0,0.00017310710690771573,2.2531516347863363e-05,0.03725172434733089,1.080462098857348e-05,2.8022351981352346e-05,9.901676945409376e-05,0.0,0.0
0.001,0.001,0.001,0.001,58.0,0.0001146310437802471,1.63853643508472e-05,0.03592361503822103,5.796926869934688e-06,3.631288113800085e-05,2.8860233424428493e-05,0.0,0.0,0.00015025366010483325,2.490577405225808e-05,0.0350794693486348,8.696044751081751e-06,2.216342776345327e-05,4.3664953916284024e-05,0.0,0.0
0.001,0.001,0.001,0.001,59.0,0.00010173204666146917,1.526054734462481e-05,0.036345288358536364,4.635069458281392e-06,3.3041558366766964e-05,1.885435439625595e-05,0.0,0.0,0.00012851542073409302,2.1651118784364418e-05,0.03642582096686596,6.712602028732294e-06,2.10130288497702e-05,4.844625498644361e-05,0.0,0.0
0.001,0.001,0.001,0.001,60.0,0.00011678167488491353,1.6485182159576213e-05,0.03661845948881341,5.966952499957592e-06,3.23274825999112e-05,3.103031402776785e-05,0.0,0.0,0.00016581168271571312,1.8537524531374297e-05,0.04034994824101332,1.0254756059432382e-05,2.8115125313172925e-05,6.260537146030226e-05,0.0,0.0
0.001,0.001,0.001,0.001,61.0,0.000108527494942703,1.5780681577237034e-05,0.035952392348749286,5.245447004130386e-06,3.505469552971244e-05,3.337916763784012e-05,0.0,0.0,0.00014382407476277756,2.1586418002621387e-05,0.035327220288051644,8.174529410630362e-06,2.7680338190827054e-05,9.588427291598843e-05,0.0,0.0
0.001,0.001,0.001,0.001,62.0,0.00010648047934670696,1.5584375674942775e-05,0.036034421197782024,5.080488082706475e-06,3.441473864991568e-05,2.46130400396804e-05,0.0,0.0,0.00015060189998210058,2.2237111028898773e-05,0.03639272918325545,8.8180390653235e-06,2.3876853138197206e-05,5.6159261118278945e-05,0.0,0.0
0.001,0.001,0.001,0.001,63.0,0.00011262324186228589,1.6249973253615262e-05,0.03609292279388199,5.602197393903157e-06,3.423210543156764e-05,3.340638007480621e-05,0.0,0.0,0.00013561672800241608,2.1816075052411337e-05,0.036501576829182675,7.26316061973074e-06,2.385964355577125e-05,9.126015539304166e-05,0.0,0.0
0.001,0.001,0.001,0.001,64.0,0.00010643208128469181,1.5607356746269273e-05,0.036047154011776814,5.094512727440779e-06,3.2683375066402e-05,2.2564157218369392e-05,0.0,0.0,0.0001415165047099125,2.040462518303793e-05,0.03715222497911544,8.073976938815488e-06,2.5257064893684582e-05,2.7767092781625404e-05,0.0,0.0
0.001,0.001,0.001,0.001,65.0,0.00010420943985503886,1.541618863228408e-05,0.03582107747974925,4.887548748582414e-06,3.440475532463487e-05,2.6248352810647268e-05,0.0,0.0,0.00013465413267205908,2.07396741869819e-05,0.037384245210455594,7.221351079298664e-06,2.166623852032025e-05,8.60030560079693e-05,0.0,0.0
0.001,0.001,0.001,0.001,66.0,0.00012554900625263025,1.7179745276420604e-05,0.035686118948055304,6.762836405121204e-06,3.567970367563934e-05,5.947223691987297e-05,0.0,0.0,0.00013434549943556876,2.0377888466778533e-05,0.034836815975818385,7.344329434302087e-06,2.849663763073878e-05,0.0001135133931998851,0.0,0.0
0.001,0.001,0.001,0.001,67.0,0.00011526369584937778,1.6410966222371674e-05,0.03508170248219169,5.882440752241098e-06,3.741690120987014e-05,4.819710742344315e-05,0.0,0.0,0.00016064571659437317,2.2855949098109976e-05,0.03499114801964562,9.825484377563971e-06,2.6459469580582692e-05,7.591308961519843e-05,0.0,0.0
0.001,0.001,0.001,0.001,68.0,0.00010228303783760188,1.534588062796793e-05,0.035494073551558473,4.756750035762445e-06,3.3741588384566784e-05,2.0056910567486232e-05,0.0,0.0,0.00012810954701476056,1.8090349321585948e-05,0.038839483841503736,6.677646233398054e-06,2.2594475752490467e-05,8.575208081366571e-05,0.0,0.0
0.001,0.001,0.001,0.001,69.0,0.00010463752515447094,1.5550910787538916e-05,0.03627952084999551,4.9153058683095066e-06,3.122997374895001e-05,2.124142357029448e-05,0.0,0.0,0.0001342730494299299,1.8261084599900355e-05,0.0391531288297745,7.345361901842191e-06,2.219080799588972e-05,4.74453843722628e-05,0.0,0.0
0.001,0.001,0.001,0.001,70.0,0.0001209909600688618,1.6931095636851138e-05,0.03526279349817489,6.34286633158894e-06,3.966076331324574e-05,5.609319144053717e-05,0.0,0.0,0.00012314803634255983,1.908002556186172e-05,0.03621044640859316,6.464600156365211e-06,2.3458125360958167e-05,3.4629947521685085e-05,0.0,0.0
0.001,0.001,0.001,0.001,71.0,0.00010718936141147968,1.570666798966772e-05,0.035643742794074514,5.181939860423807e-06,3.413386032140032e-05,2.42465699304467e-05,0.0,0.0,0.0001458121584614577,2.078588065997997e-05,0.037336447350218904,8.372627240382969e-06,2.1585230707539296e-05,7.220133542124641e-05,0.0,0.0
0.001,0.001,0.001,0.001,72.0,0.00010963120500851856,1.5908757573755133e-05,0.035406600920324514,5.345100657834793e-06,3.794356160096818e-05,4.281927707247158e-05,0.0,0.0,0.0001338391057135813,2.169712276178355e-05,0.035533680490209274,7.2488346412955964e-06,2.2263831618211726e-05,7.574287111827469e-05,0.0,0.0
0.001,0.001,0.001,0.001,73.0,0.00010532116768649443,1.567865091316971e-05,0.0353992840684108,5.0226371614085685e-06,3.373328941482391e-05,2.574121246988133e-05,0.0,0.0,0.00014865871929063617,2.5461602832699658e-05,0.03468156013607892,8.536372245906912e-06,1.958893006935235e-05,4.7717568415158004e-05,0.0,0.0
0.001,0.001,0.001,0.001,74.0,0.00010217812333168037,1.5349478438420763e-05,0.03619017261389526,4.719926098798161e-06,3.0216272128050623e-05,1.6703286145942172e-05,0.0,0.0,0.00012496727186558804,2.007312973078821e-05,0.0372282041306047,6.482510537005989e-06,2.0290090124834862e-05,3.2472852275304005e-05,0.0,0.0
0.001,0.001,0.001,0.001,75.0,0.00011089867184955537,1.599716215536316e-05,0.036101338220590404,5.502581232330849e-06,3.163863625643482e-05,2.4419746282175347e-05,0.0,0.0,0.00013770182538209693,2.1214767116113288e-05,0.036844488469724844,7.619232093517272e-06,2.4130062458099146e-05,4.148964740970749e-05,0.0,0.0
0.001,0.001,0.001,0.001,76.0,0.00011836650847851939,1.6636432712633748e-05,0.035501699094449314,6.1513599092905436e-06,3.650571117284453e-05,4.256819335039917e-05,0.0,0.0,0.00013435186824950176,1.844843428595624e-05,0.036905078927936735,7.423029447728719e-06,2.776553818551589e-05,7.966019343625534e-05,0.0,0.0
0.001,0.001,0.001,0.001,77.0,0.00010208358554601572,1.531736000916441e-05,0.03581757299102066,4.722650912460488e-06,3.26094421792603e-05,1.84478884367235e-05,0.0,0.0,0.00012344562436758326,1.8490436024974726e-05,0.03746587997757545,6.384597051966229e-06,2.537281460121698e-05,4.4242217291056846e-05,0.0,0.0
0.001,0.001,0.001,0.001,78.0,0.00010950509981471073,1.596978055329469e-05,0.03619366998761827,5.35967732629901e-06,3.157334282452263e-05,2.3501587163407536e-05,0.0,0.0,0.00015128375759859786,2.0726855082719645e-05,0.038082219622241245,8.928264850477953e-06,2.4612511851129878e-05,2.923125752911378e-05,0.0,0.0
0.001,0.001,0.001,0.001,79.0,0.00011784756094079572,1.65376921181198e-05,0.03575022107249711,6.1063202941546085e-06,3.4290380402241105e-05,4.269620251945564e-05,0.0,0.0,0.0001728609007507098,2.375868697998703e-05,0.0366327185795135,1.0544141631023713e-05,2.744851966327673e-05,0.0001713289905755212,0.0,0.0
0.001,0.001,0.001,0.001,80.0,0.00010180146224517154,1.519022001603392e-05,0.03505155800642713,4.729997582334125e-06,3.654532661199601e-05,2.4206947449469467e-05,0.0,0.0,0.00012796770751219511,1.9250073333826686e-05,0.0366976123974325,6.779560641686567e-06,2.586131038766527e-05,6.553126945867482e-05,0.0,0.0
0.001,0.001,0.001,0.001,81.0,0.00011097423230584613,1.6106588849915024e-05,0.0351072507934206,5.538748129028057e-06,3.55731200613801e-05,3.262389557746368e-05,0.0,0.0,0.0001497854477001448,2.3393218919394007e-05,0.03543531173537197,8.668435572675088e-06,2.157779887731003e-05,8.459116289691685e-05,0.0,0.0
0.001,0.001,0.001,0.001,82.0,0.00010240724399585832,1.535286686508296e-05,0.03593681928213281,4.748060912984153e-06,3.179913629562665e-05,1.828133763009388e-05,0.0,0.0,0.0001482435626381659,2.071925471079985e-05,0.0381794393410394,8.553802844542496e-06,2.2676514993045473e-05,6.156746879047466e-05,0.0,0.0
0.001,0.001,0.001,0.001,83.0,0.0001101216048117597,1.5976083793389407e-05,0.03557897686963747,5.443383324233349e-06,3.411610948361031e-05,2.884393501912025e-05,0.0,0.0,0.00012875873514639252,2.006566461419719e-05,0.036334704898466255,6.7953777579134444e-06,2.3110501569414807e-05,8.374145243029544e-05,0.0,0.0
0.001,0.001,0.001,0.001,84.0,0.0001089670361286042,1.5845562482050752e-05,0.035202288564041874,5.352274791990324e-06,3.3745962611358736e-05,4.087355873161935e-05,0.0,0.0,0.00012838649537168405,1.9386652003267928e-05,0.03594806368641398,6.94876937095674e-06,2.5886810592724242e-05,3.9016117805354895e-05,0.0,0.0
0.001,0.001,0.001,0.001,85.0,0.00010409394669317471,1.5532911310249773e-05,0.0351000209138569,4.945482280139015e-06,3.4129884412324e-05,2.372805900171626e-05,0.0,0.0,0.00015052914049087145,2.2654572108760137e-05,0.035670463715827355,8.761227216741947e-06,2.4302874618147816e-05,8.646175383765422e-05,0.0,0.0
0.001,0.001,0.001,0.001,86.0,0.00012871017081468223,1.757380696946803e-05,0.03577848804678515,6.980179218285054e-06,3.604400913490991e-05,7.806724349115876e-05,0.0,0.0,0.0001608550746272706,2.422307430071767e-05,0.032879576483710156,9.884977500112297e-06,3.103862625732654e-05,7.195137478519886e-05,0.0,0.0
0.001,0.001,0.001,0.001,87.0,9.856801361283206e-05,1.4956821021445698e-05,0.03470272168837743,4.4852288576982675e-06,3.6334373899485336e-05,1.6909731707720788e-05,0.0,0.0,0.00012078071635927704,1.7561405666241623e-05,0.036853655401065694,6.286676507230908e-06,2.5642350231114397e-05,3.738614485266582e-05,0.0,0.0
0.001,0.001,0.001,0.001,88.0,9.851961749850213e-05,1.512583323949266e-05,0.03568416542321291,4.420315994527687e-06,3.1208096510189505e-05,1.5425894757958567e-05,0.0,0.0,0.00015548222502038007,2.15337719276811e-05,0.036955100484871675,9.357406059327801e-06,2.273440823489064e-05,4.583397763611424e-05,0.0,0.0
0.001,0.001,0.001,0.001,89.0,0.00011127520527246216,1.6030899230782234e-05,0.03495314540538494,5.5481938275119105e-06,3.744607580884929e-05,4.258452353673437e-05,0.0,0.0,0.00011695587399933979,1.879705173023049e-05,0.035867405401843036,5.842182418831809e-06,2.3514609674526266e-05,6.072518810083686e-05,0.0,0.0
0.001,0.001,0.001,0.001,90.0,0.00010330049570072541,1.549346286715366e-05,0.03507084748215218,4.871676624552055e-06,3.483590326782805e-05,2.1433069081224563e-05,0.0,0.0,0.00012476801035693426,1.916618654442432e-05,0.0360534965046386,6.609694203793438e-06,2.3838744997035848e-05,4.27003616301029e-05,0.0,0.0
0.001,0.001,0.001,0.001,91.0,0.00011438823103752985,1.6466030948879017e-05,0.03508471517282233,5.859307862425222e-06,3.46256377917124e-05,3.127361026277757e-05,0.0,0.0,0.00020134739981869808,3.059333423343619e-05,0.034825699274814714,1.2792900076036985e-05,2.233260556451362e-05,0.00023064414233024986,0.0,0.0
0.001,0.001,0.001,0.001,92.0,0.00010538698540468337,1.550905665334109e-05,0.0345149808756893,5.0483650385605675e-06,3.810261273537005e-05,4.276137229729989e-05,0.0,0.0,0.0001340738364276602,2.0641671103114714e-05,0.03591146196199976,7.326559657163892e-06,2.4229784701722124e-05,7.328508067862514e-05,0.0,0.0
0.001,0.001,0.001,0.001,93.0,0.00010511482903802375,1.564431883085997e-05,0.034763158310577004,5.056055444464686e-06,3.475789128258256e-05,2.6840268665197447e-05,0.0,0.0,0.00013578201330455059,2.0585856250453133e-05,0.03493588053662789,7.689770859393216e-06,2.5739109591839762e-05,3.1546244245256215e-05,0.0,0.0
0.001,0.001,0.001,0.001,94.0,0.00010753440106148172,1.5737238904069987e-05,0.03490383368064286,5.249219615994591e-06,3.549582924695199e-05,3.406190187463674e-05,0.0,0.0,0.000171064126400724,2.0852684511896156e-05,0.03855951592315295,1.0456531402154556e-05,3.0912610455703096e-05,0.00015981397569453973,0.0,0.0
0.001,0.001,0.001,0.001,95.0,9.867468129550185e-05,1.5207859521157851e-05,0.03516349120352235,4.444321376260027e-06,3.412128238720052e-05,1.7919478732509024e-05,0.0,0.0,0.0001383601570202012,2.0456997836406908e-05,0.03671745345116009,7.811066353994026e-06,2.291023357833366e-05,3.136070366423403e-05,0.0,0.0
0.001,0.001,0.001,0.001,96.0,0.00010701370680302906,1.5675365539687086e-05,0.03520602842671953,5.194360318058073e-06,3.484520550950602e-05,2.816749135636957e-05,0.0,0.0,0.00013465253733211272,2.0418952201653738e-05,0.03754248170631807,7.252431748565072e-06,2.3683476847903865e-05,7.193746251739523e-05,0.0,0.0
0.001,0.001,0.001,0.001,97.0,0.0001231657826287302,1.7119342568950755e-05,0.03521106328834242,6.559937866957846e-06,3.6766380019983404e-05,6.237433777054098e-05,0.0,0.0,0.00015462380917562833,2.4799280127522826e-05,0.03384070923344051,8.826881071316916e-06,3.155514606512064e-05,0.00018237971402344685,0.0,0.0
0.001,0.001,0.001,0.001,98.0,0.00010597570762725599,1.570599671026933e-05,0.03498089520965807,5.129345682778638e-06,3.410505945875797e-05,2.3394042543176684e-05,0.0,0.0,0.00016432563871258014,2.7544464537747173e-05,0.03388932554892256,9.89016833265995e-06,2.343349250230461e-05,6.58725995431504e-05,0.0,0.0
0.001,0.001,0.001,0.001,99.0,0.00010069600269365696,1.537812573371609e-05,0.03608990540655967,4.58047071631425e-06,3.0065539057618443e-05,1.66683518199236e-05,0.0,0.0,0.00014513919600299174,2.068345932382343e-05,0.037658609618330244,8.241066408442452e-06,2.3149554439366375e-05,8.286023779957672e-05,0.0,0.0
0.001,0.001,0.001,0.001,100.0,0.00011738396355767485,1.656210550595013e-05,0.03539436614992712,6.08485995817126e-06,3.595238562492494e-05,3.934607379842903e-05,0.0,0.0,0.0001489071302697739,2.3852831136875457e-05,0.03630273597332616,8.482353572972857e-06,2.253011854729709e-05,6.700054749019069e-05,0.0,0.0
0.001,0.001,0.001,0.001,101.0,9.969072352050305e-05,1.5089121453349952e-05,0.03596587897836075,4.508724081687181e-06,3.0940921853907587e-05,1.8175532513799655e-05,0.0,0.0,0.00013777526729552716,2.1824724571247815e-05,0.037433617257185005,7.493159348967889e-06,2.2337764821557896e-05,5.406215103174323e-05,0.0,0.0
0.001,0.001,0.001,0.001,102.0,0.00012095529405170213,1.670317344223439e-05,0.03483439924060907,6.382219341384438e-06,4.013806208207248e-05,6.326876847607759e-05,0.0,0.0,0.0001594193336549796,2.648932364101272e-05,0.03421386164483321,9.463351885804489e-06,2.3163364291830803e-05,7.065165683747365e-05,0.0,0.0
0.001,0.001,0.001,0.001,103.0,0.00010362096928984924,1.551388466384079e-05,0.035669100637269836,4.870876042131048e-06,3.2295299818193406e-05,1.998766103783888e-05,0.0,0.0,0.00012334346777863426,1.8568672178855558e-05,0.037904006266663494,6.338365389746188e-06,2.3017652112730138e-05,4.741472582197609e-05,0.0,0.0
0.001,0.001,0.001,0.001,104.0,0.00011197200447390907,1.6063586029215903e-05,0.03524876211754255,5.624735190340129e-06,3.527097593879732e-05,3.540820449564657e-05,0.0,0.0,0.00014391428553485697,2.48008770038585e-05,0.03468334239538702,8.004590558450654e-06,2.3171585432194786e-05,8.268000423092392e-05,0.0,0.0
0.001,0.001,0.001,0.001,105.0,0.00010095142510344369,1.5292351636003283e-05,0.03571186299054706,4.63220994140946e-06,3.154160020439773e-05,1.883795818877742e-05,0.0,0.0,0.00013716573819581266,2.3013971131773025e-05,0.035286813202693806,7.55598976049546e-06,1.9881104317046915e-05,5.2677766029093955e-05,0.0,0.0
0.001,0.001,0.001,0.001,106.0,0.0001102965368183775,1.5995321636939696e-05,0.03560837365572771,5.468243106002591e-06,3.234364167330332e-05,3.104176845405352e-05,0.0,0.0,0.00014025649761208444,1.9996192948305116e-05,0.03640024455292741,8.048516106302909e-06,2.481120144077424e-05,3.5751125198125945e-05,0.0,0.0
0.001,0.001,0.001,0.001,107.0,0.00010433391393942233,1.554077252903131e-05,0.035465738022147,4.956937851419468e-06,3.287100513806321e-05,1.88368890245192e-05,0.0,0.0,0.00015969852678546375,2.260241598810204e-05,0.03661471097726704,9.609951106497937e-06,2.6202254700858194e-05,7.046645980265146e-05,0.0,0.0
0.001,0.001,0.001,0.001,108.0,0.00010882884453167208,1.5980332621609207e-05,0.03553844078625318,5.336993191103113e-06,3.2979647688317805e-05,2.5686899055569685e-05,0.0,0.0,0.00014756413832266784,1.9388753614003922e-05,0.038339102674713105,8.592499313969606e-06,2.4567736009317414e-05,5.8180523109381145e-05,0.0,0.0
0.001,0.001,0.001,0.001,109.0,0.00010512997645933662,1.572489706461552e-05,0.03527803651249426,5.0111954280800526e-06,3.381600955910198e-05,2.53394295774484e-05,0.0,0.0,0.00013150127396058158,2.091250383191695e-05,0.036193593043119344,7.033440572340783e-06,2.352932152242438e-05,6.831352285892016e-05,0.0,0.0
0.001,0.001,0.001,0.001,110.0,0.0001262418750704016,1.7400596473792453e-05,0.0353729195789557,6.839033794262869e-06,3.607758139341646e-05,5.881045058840874e-05,0.0,0.0,0.00015232633806701903,2.304919408503964e-05,0.03418144539139899,8.81277990126472e-06,2.919846866693259e-05,0.0001619220345741631,0.0,0.0
0.001,0.001,0.001,0.001,111.0,9.300029697932607e-05,1.4566161583890927e-05,0.034616865429627816,3.994811350738106e-06,3.50794437198277e-05,1.444841080616544e-05,0.0,0.0,0.00012794793104545032,1.9524329875666853e-05,0.03639314661140776,6.868351503141343e-06,2.3543951713652583e-05,3.970169732625644e-05,0.0,0.0
0.001,0.001,0.001,0.001,112.0,0.00011433813223236323,1.6376492277794802e-05,0.03560096755987923,5.832513766320886e-06,3.264268727501352e-05,3.085056192075829e-05,0.0,0.0,0.00015842721366678806,2.4729285786767478e-05,0.036384507242038594,9.163198991522033e-06,2.5251845319843928e-05,0.00012624981921141728,0.0,0.0
0.001,0.001,0.001,0.001,113.0,0.00010121618418284437,1.5351897102592047e-05,0.035652062174321354,4.649215170583694e-06,3.210949683681741e-05,2.0364867342415334e-05,0.0,0.0,0.00017059083095154597,2.361636201555234e-05,0.036641869185876884,1.0713624073420935e-05,2.32017399195052e-05,3.504733396062314e-05,0.0,0.0
0.001,0.001,0.001,0.001,114.0,0.00010969305286923713,1.596475436814511e-05,0.035323324027035814,5.428674471291002e-06,3.375277164504443e-05,2.971802073230132e-05,0.0,0.0,0.00014886000944878212,2.047968994017115e-05,0.03741880003593857,8.756617346987525e-06,2.4091199914176603e-05,3.9448951744460206e-05,0.0,0.0
0.001,0.001,0.001,0.001,115.0,9.906898590257692e-05,1.5106793065427983e-05,0.03577672982252835,4.452516273663535e-06,3.206196841247218e-05,1.8164067239127858e-05,0.0,0.0,0.00016117245276875652,2.6747849344902206e-05,0.03564684523404036,9.467562040929738e-06,1.926134897914339e-05,8.704009435134841e-05,0.0,0.0
0.001,0.001,0.001,0.001,116.0,0.00010587567109102162,1.5697305507254093e-05,0.03604278737240295,5.043508521542385e-06,3.0543995139795616e-05,2.5843668170890514e-05,0.0,0.0,0.00012994292708430345,1.9820925897372143e-05,0.037667982285688774,6.7858970723674735e-06,2.1590871332399914e-05,9.743836035858229e-05,0.0,0.0
0.001,0.001,0.001,0.001,117.0,0.00010510287987240924,1.5562663909613488e-05,0.03610229767983974,4.977370702223618e-06,3.08114401072856e-05,2.3322615173819967e-05,0.0,0.0,0.0001265502063838397,1.9696025039067827e-05,0.03757348643611766,6.583173952580107e-06,2.140111804920295e-05,5.2353676365988016e-05,0.0,0.0
0.001,0.001,0.001,0.001,118.0,0.00011212575088740298,1.608314404541672e-05,0.035854553811953155,5.599540529976464e-06,3.3310177119397665e-05,3.4465124994303356e-05,0.0,0.0,0.00013217481917495832,2.208009539391128e-05,0.03506771414211247,7.121900653358722e-06,2.7081211246456787e-05,4.3995192458796744e-05,0.0,0.0
0.001,0.001,0.001,0.001,119.0,9.724659300401191e-05,1.4980563451285508e-05,0.035333997758144796,4.32361431357818e-06,3.292232981572419e-05,1.6146152850250256e-05,0.0,0.0,0.00014343046152558012,2.0030526119885684e-05,0.03765988170578913,8.196049453680459e-06,2.4733618937348187e-05,5.224782153143786e-05,0.0,0.0
0.001,0.001,0.001,0.001,120.0,0.00011014223439912912,1.588866642118014e-05,0.03529095009952936,5.450068452844499e-06,3.679636173919559e-05,3.1291816806461866e-05,0.0,0.0,0.00015173393966022805,2.4403210012782243e-05,0.03604353604570607,8.733876607479986e-06,2.2565428686924925e-05,6.7675302986614e-05,0.0,0.0
0.001,0.001,0.001,0.001,121.0,0.00010918306942804911,1.598187000199899e-05,0.035948528214626116,5.351383948211322e-06,3.109053212819147e-05,2.519108222994947e-05,0.0,0.0,0.00012663429244479164,2.0144700064660266e-05,0.0367571760993383,6.460988696194665e-06,2.683335910479618e-05,9.756767268942697e-05,0.0,0.0
0.001,0.001,0.001,0.001,122.0,0.00010220196746206686,1.540051399062456e-05,0.03623702348278527,4.700038631367776e-06,3.0335681212993566e-05,2.121895012272218e-05,0.0,0.0,0.0001319931116278462,2.1316954451422923e-05,0.036463071456971086,6.985500651531291e-06,2.1555507734832815e-05,8.810107788715693e-05,0.0,0.0
0.001,0.001,0.001,0.001,123.0,0.0001082667275061892,1.586748232795963e-05,0.03616886487995552,5.238680586610897e-06,3.128191887726481e-05,2.8615234750583758e-05,0.0,0.0,0.00013616189694240618,2.2837058355815926e-05,0.035225721023145334,7.250694244845113e-06,2.5224412418061817e-05,0.00012278929643586337,0.0,0.0
0.001,0.001,0.001,0.001,124.0,9.964858578847664e-05,1.5069754758746486e-05,0.03588382392458721,4.5030264152227685e-06,3.217909149067082e-05,1.787328492572557e-05,0.0,0.0,0.00014285315819937848,2.012635838385331e-05,0.039099867873431816,7.9342074495082e-06,2.275647309337785e-05,8.036834605576172e-05,0.0,0.0
0.001,0.001,0.001,0.001,125.0,0.00011421628559657739,1.6311995476608016e-05,0.03546576105862486,5.79158619854953e-06,3.466078631496925e-05,4.2263474631968424e-05,0.0,0.0,0.00013703071221625698,1.9563506327440077e-05,0.036484896028067926,7.680134877792763e-06,2.6731955392750236e-05,6.031051090796886e-05,0.0,0.0
0.001,0.001,0.001,0.001,126.0,0.00010176456858131666,1.5336964017537127e-05,0.03523302978185908,4.735655762772612e-06,3.3007438360878315e-05,2.149086794222232e-05,0.0,0.0,0.00013419591578794882,2.0962618340627392e-05,0.036667824487108806,7.267824667109377e-06,2.2939523004252884e-05,6.373088177579524e-05,0.0,0.0
0.001,0.001,0.001,0.001,127.0,0.00010016772886424429,1.5201441534806712e-05,0.03580678175295208,4.558958977337199e-06,3.12644739631055e-05,1.7738673357621487e-05,0.0,0.0,0.00014447005814023555,2.0891173937607434e-05,0.039167428499238495,8.10951189785497e-06,2.2706555352618885e-05,4.182714194473406e-05,0.0,0.0
0.001,0.001,0.001,0.001,128.0,0.00011198255841760033,1.6155443854738916e-05,0.03577686100247174,5.59118274031391e-06,3.285082512524172e-05,3.413367488560523e-05,0.0,0.0,0.00013776922989589108,1.9253915766512033e-05,0.03772816841268435,7.552999829500718e-06,2.6113225617217456e-05,0.00010583292274110232,0.0,0.0
0.001,0.001,0.001,0.001,129.0,0.00010268017734297929,1.5383470334221184e-05,0.03545990152342923,4.788655136021247e-06,3.318348226952649e-05,2.527616192862332e-05,0.0,0.0,0.00013085230490373465,1.9952807023361825e-05,0.03641040827521958,6.98464646518584e-06,2.627298107078848e-05,8.061298678332246e-05,0.0,0.0
0.001,0.001,0.001,0.001,130.0,9.836336249297275e-05,1.5057722110341313e-05,0.03579074605201649,4.391160289040546e-06,3.1988813064389313e-05,1.617632752259237e-05,0.0,0.0,0.00012819971439644644,1.971095108233846e-05,0.03823906219109925,6.676044719369116e-06,2.3738736157104305e-05,4.461514019911034e-05,0.0,0.0
0.001,0.001,0.001,0.001,131.0,0.00011258058471657488,1.6177041499047926e-05,0.03568008144533521,5.641216897762925e-06,3.3788514700688295e-05,3.729759606220644e-05,0.0,0.0,0.00012536123169522886,2.117655569725951e-05,0.03573927312089439,6.34346056812897e-06,2.617891321062116e-05,9.571613019510946e-05,0.0,0.0
0.001,0.001,0.001,0.001,132.0,0.00010412954666151565,1.5606128406009715e-05,0.03560817332015822,4.921640132472537e-06,3.252538571993334e-05,1.7852118691330755e-05,0.0,0.0,0.0001308117956621063,2.1317252659544222e-05,0.035939693548747174,6.955895216171874e-06,2.2490662036167013e-05,6.987316601258925e-05,0.0,0.0
0.001,0.001,0.001,0.001,133.0,0.00010834284612024083,1.5805659591451748e-05,0.03556134432885744,5.268488463939814e-06,3.437850506352751e-05,3.4124205147496396e-05,0.0,0.0,0.00011301988007753468,1.9372045937613946e-05,0.03578351176106782,5.374151042065073e-06,2.5091984854006254e-05,6.454447553514141e-05,0.0,0.0
0.001,0.001,0.001,0.001,134.0,0.000104577910540413,1.558581869111112e-05,0.03521742978772484,4.96682328868441e-06,3.5241716934223736e-05,2.3290238184125783e-05,0.0,0.0,0.00014356312621011244,2.122895197758932e-05,0.03709363591749246,8.13944469458799e-06,2.4515695545903044e-05,5.578082871289121e-05,0.0,0.0
0.001,0.001,0.001,0.001,135.0,0.00011272742060490494,1.6309983496541713e-05,0.035504799984248776,5.6164519977348525e-06,3.5462041905469776e-05,4.807644041887001e-05,0.0,0.0,0.00013635130346101253,1.923014606476709e-05,0.03723407351431579,7.414542547340974e-06,3.3354859336036065e-05,9.624683797032723e-05,0.0,0.0
0.001,0.001,0.001,0.001,136.0,9.925183375835769e-05,1.5132159374176107e-05,0.03553313400561057,4.483697213020901e-06,3.3688232537863294e-05,1.5229734394510702e-05,0.0,0.0,0.00012511289091767197,1.74549899859127e-05,0.03844884753140283,6.632095343551731e-06,2.3820576812376887e-05,2.0241620614995635e-05,0.0,0.0
0.001,0.001,0.001,0.001,137.0,9.752481375132038e-05,1.4946825940357115e-05,0.036047182910627994,4.2971715367522375e-06,3.109387427700316e-05,1.7988017625966883e-05,0.0,0.0,0.00012699286273835507,1.9553042908655454e-05,0.03813771743743112,6.644834520411253e-06,2.1332533137535507e-05,2.882006853434409e-05,0.0,0.0
0.001,0.001,0.001,0.001,138.0,0.00010320832739885333,1.5428063120489347e-05,0.035877438139830686,4.813389958542095e-06,3.2516743183840286e-05,2.06900068474949e-05,0.0,0.0,0.00013437394646623386,2.035974461135161e-05,0.03787837981264753,7.2325264619459824e-06,2.2336417266386307e-05,6.307655935485478e-05,0.0,0.0
0.001,0.001,0.001,0.001,139.0,0.0001169567829951794,1.654959968878023e-05,0.03505077379341981,5.9774615038057805e-06,3.9837532112358446e-05,6.392158749288506e-05,0.0,0.0,0.00013077888460058846,2.1211836709589804e-05,0.035885612180770354,6.94297086592572e-06,2.3526090561568523e-05,7.596465355728873e-05,0.0,0.0
0.001,0.001,0.001,0.001,140.0,0.00010421679091263568,1.5541816969594845e-05,0.03549678638349216,4.94058449548285e-06,3.280719217274142e-05,1.966486149309179e-05,0.0,0.0,0.00012328920857984245,1.678964739213993e-05,0.0396728202820172,6.149941011979689e-06,2.4040500809337787e-05,0.00011693114958422287,0.0,0.0
0.001,0.001,0.001,0.001,141.0,0.00011009952255371343,1.599633995324641e-05,0.035515957935166396,5.426375630310229e-06,3.403116941861818e-05,3.68139851487489e-05,0.0,0.0,0.00013579970896417272,1.7519818399415503e-05,0.038919879627610364,7.387910212680654e-06,3.0059203271328797e-05,9.899945942553224e-05,0.0,0.0
0.001,0.001,0.001,0.001,142.0,0.00010336342786752855,1.543475272003648e-05,0.03515731971806023,4.883174471456468e-06,3.398873655436903e-05,2.1629407433399192e-05,0.0,0.0,0.00015436335456018208,2.1393605844950017e-05,0.03770542655610238,9.168789254771994e-06,2.3806323226378224e-05,4.783181492845514e-05,0.0,0.0
0.001,0.001,0.001,0.001,143.0,0.00010607577293032351,1.56928046229596e-05,0.03579697319538075,5.069985974263516e-06,3.306939223694671e-05,2.3167767562375808e-05,0.0,0.0,0.00015472295811402533,2.277988310605522e-05,0.0370123149877391,8.99673630040098e-06,2.6792082529337338e-05,9.136749110520865e-05,0.0,0.0
0.001,0.001,0.001,0.001,144.0,0.00010073598421607652,1.5223332288825985e-05,0.03580333241400799,4.594772109721969e-06,3.2458773148350165e-05,2.062877306946427e-05,0.0,0.0,0.00011969040006835266,2.0317259602273125e-05,0.036461003597507854,5.906456529477978e-06,2.298960113893837e-05,6.194438222428223e-05,0.0,0.0
0.001,0.001,0.001,0.001,145.0,0.00010360425756683805,1.532824968045279e-05,0.035137586887955756,4.89656754123635e-06,3.4343491227776805e-05,2.9535783785637512e-05,0.0,0.0,0.00011681904659669691,1.8473669788005397e-05,0.03717463249972404,5.841803838842829e-06,2.190036694039777e-05,2.2506704079936566e-05,0.0,0.0
0.001,0.001,0.001,0.001,146.0,0.0001133654484763121,1.6272340166918674e-05,0.03522857095173986,5.720230239535887e-06,3.785190973307233e-05,3.5081675391944274e-05,0.0,0.0,0.00011635401162551886,1.7839901705854487e-05,0.03721564121267206,5.803979922446115e-06,2.4831547639466534e-05,3.102052322351785e-05,0.0,0.0
0.001,0.001,0.001,0.001,147.0,9.781046724755723e-05,1.4983981701877723e-05,0.03551562125152649,4.359587008984632e-06,3.269093875946831e-05,1.7835932637806923e-05,0.0,0.0,0.00012721335717896714,2.0905295976947612e-05,0.03634555380245267,6.494734379971143e-06,2.518335469210815e-05,9.987304229316465e-05,0.0,0.0
0.001,0.001,0.001,0.001,148.0,0.00010678800541171271,1.5650877402802415e-05,0.03505333049058436,5.1874620784942596e-06,3.526373705150369e-05,2.731204761716321e-05,0.0,0.0,0.00014668137528750175,2.225586253823441e-05,0.03687949578619455,8.36101833789823e-06,2.3777305311307814e-05,6.23240754453915e-05,0.0,0.0
0.001,0.001,0.001,0.001,149.0,0.00010734653892458324,1.5739095751273416e-05,0.03521553345600634,5.191477838082642e-06,3.635342012913623e-05,3.367148458086264e-05,0.0,0.0,0.00015333625940992522,2.3585375224581134e-05,0.0361472621484015,8.964705212488121e-06,2.3151570185070775e-05,6.56564601054748e-05,0.0,0.0
0.001,0.001,0.001,0.001,150.0,0.00010523271882125104,1.5627578910859505e-05,0.035965940993167814,4.999727503576204e-06,3.1047482458326093e-05,2.1486955614645253e-05,0.0,0.0,0.00015371501738124715,2.5106657202569373e-05,0.035586445751979695,8.757712458214122e-06,2.42997946769468e-05,0.00012059232940877646,0.0,0.0
0.001,0.001,0.001,0.001,151.0,0.00010392793799049723,1.5563641190527597e-05,0.03584463066977797,4.8746426537805836e-06,3.236789646393182e-05,2.145794175423954e-05,0.0,0.0,0.00013009567710555367,1.9223725570837562e-05,0.0380050966245775,6.960152879625216e-06,2.3096829177438947e-05,3.822569580042883e-05,0.0,0.0
0.001,0.001,0.001,0.001,152.0,0.00010133331383016867,1.5200939201843901e-05,0.035500369615510466,4.673318883470097e-06,3.279743215644808e-05,2.4762844282180434e-05,0.0,0.0,0.00011956683390778588,1.886308344436319e-05,0.037652355086881695,6.013356438451762e-06,2.2334297598846994e-05,2.7375991283540622e-05,0.0,0.0
0.001,0.001,0.001,0.001,153.0,0.00011794253247914436,1.6613553290773632e-05,0.03553667820631414,6.120557758493141e-06,3.4546953737526506e-05,4.5281038150017246e-05,0.0,0.0,0.00012113917921703746,1.848879269077402e-05,0.0356516071386706,6.292093792681833e-06,2.6876710579891197e-05,5.5606748513404595e-05,0.0,0.0
0.001,0.001,0.001,0.001,154.0,9.411966715876763e-05,1.4711724069517345e-05,0.03534580962521851,4.040554395076763e-06,3.2954933633852036e-05,1.4443771239622024e-05,0.0,0.0,0.00012238663222581653,1.8318758921445205e-05,0.037396157922577805,6.185723256724497e-06,2.556124637762503e-05,9.033429007321722e-05,0.0,0.0
0.001,0.001,0.001,0.001,155.0,0.00011195000235753743,1.613278242071486e-05,0.03549333818849206,5.611027710882929e-06,3.389715685739239e-05,3.295548088929083e-05,0.0,0.0,0.00012285405133353623,1.7724948527778306e-05,0.03705378745177816,6.337201560920996e-06,2.9043574987483847e-05,7.195760863038347e-05,0.0,0.0
0.001,0.001,0.001,0.001,156.0,9.683388792204057e-05,1.4984722906227261e-05,0.03524380758877526,4.291472346710062e-06,3.322304386172822e-05,1.4733104952249195e-05,0.0,0.0,0.00012524411544023064,1.8043930513748966e-05,0.03761356314718941,6.563005945049292e-06,2.4453308547621295e-05,6.044917609756588e-05,0.0,0.0
0.001,0.001,0.001,0.001,157.0,0.00010069803194815216,1.5193822695699819e-05,0.03525458840228057,4.630257767004837e-06,3.4357872951948524e-05,2.045015252370479e-05,0.0,0.0,0.00011852663785187265,1.9634720513535654e-05,0.03643863055281705,5.844877114645084e-06,2.586418305255266e-05,5.672382129728862e-05,0.0,0.0
0.001,0.001,0.001,0.001,158.0,0.00010852332141148986,1.5773228230343315e-05,0.035060686062692636,5.305967938821588e-06,3.80536608812909e-05,3.297437998358717e-05,0.0,0.0,0.00013386573355317517,1.9198133178025738e-05,0.03811004605717593,7.2637293948969386e-06,2.6441444461086333e-05,5.104458334422341e-05,0.0,0.0
0.001,0.001,0.001,0.001,159.0,0.00010516522310855564,1.5573828091080616e-05,0.03532848227157765,5.032883895692557e-06,3.312271957183504e-05,2.4871990557864662e-05,0.0,0.0,0.0001336668403321615,1.9787448661803167e-05,0.03710707502587706,7.364398193804029e-06,2.3281568362569756e-05,3.20070161102754e-05,0.0,0.0
0.001,0.001,0.001,0.001,160.0,0.00011324085860814507,1.6339243928585807e-05,0.03537230430962959,5.69917340003117e-06,3.548190485526805e-05,3.957536590409964e-05,0.0,0.0,0.0001340012513683602,2.1890115165251005e-05,0.033487652760626714,7.302868395190851e-06,3.0940414003608934e-05,0.00010003031049834675,0.0,0.0
0.001,0.001,0.001,0.001,161.0,0.0001007794260878799,1.5174404272009661e-05,0.034897428163531745,4.636969463881687e-06,3.732794734788018e-05,2.42040945369031e-05,0.0,0.0,0.00014150467318554703,2.1036570950922096e-05,0.03538664076599563,8.065032890634421e-06,2.7127533870792697e-05,6.873511772023352e-05,0.0,0.0
0.001,0.001,0.001,0.001,162.0,9.657293906687391e-05,1.4954216562963606e-05,0.03500560337961546,4.282783366973196e-06,3.421971813633625e-05,1.4532476189587838e-05,0.0,0.0,0.0001158663948203412,1.842660401963675e-05,0.03686201602850927,5.721704096596597e-06,2.2871082715241135e-05,4.294495551769141e-05,0.0,0.0
0.001,0.001,0.001,0.001,163.0,0.00010570019406157738,1.5641407329354726e-05,0.035043385556411955,5.0661942896909085e-06,3.698798588930381e-05,2.618632505203425e-05,0.0,0.0,0.00011707184868789992,1.9584598734174643e-05,0.03529618518531627,5.790499779390664e-06,2.5438075986107352e-05,6.969032778909374e-05,0.0,0.0
0.001,0.001,0.001,0.001,164.0,0.00010422005160836273,1.5469424827985765e-05,0.03512216447278542,4.951763589536908e-06,3.5376527931088224e-05,2.2926858613348244e-05,0.0,0.0,0.0001361077937707142,2.1849511760737195e-05,0.035017993591894295,7.405626188994772e-06,2.8386220253244797e-05,9.381610311803501e-05,0.0,0.0
0.001,0.001,0.001,0.001,165.0,0.00010324397603544321,1.543572026617305e-05,0.03505907177702299,4.854083386716365e-06,3.6129212252193075e-05,2.3817079102396904e-05,0.0,0.0,0.00014256459926095412,2.073369491540108e-05,0.03749027365667815,8.018046836391667e-06,2.2449550218724946e-05,7.660822889527793e-05,0.0,0.0
0.001,0.001,0.001,0.001,166.0,0.00010758347067421789,1.5712172270509193e-05,0.035075396694715745,5.2127277374075366e-06,3.746583512033527e-05,3.68815533829083e-05,0.0,0.0,0.00011729392037143758,1.730687634177597e-05,0.0378476580744847,5.8457818177493146e-06,2.6295453463129668e-05,4.208082705379527e-05,0.0,0.0
0.001,0.001,0.001,0.001,167.0,9.830136373971965e-05,1.5017884111625409e-05,0.03538405432357004,4.418513415997449e-06,3.3198473772730895e-05,1.5777681564537472e-05,0.0,0.0,0.00013270258718733367,2.2360786891376456e-05,0.0363973916381228,7.0771551767947835e-06,2.419301326997902e-05,3.0142138505133412e-05,0.0,0.0
0.001,0.001,0.001,0.001,168.0,0.00011837693637195006,1.6755871366664934e-05,0.035759144040798725,6.135192426192401e-06,3.5649259954274276e-05,3.780274722574099e-05,0.0,0.0,0.00019120594732756138,2.0796403719327444e-05,0.04058879178036398,1.2449901237945687e-05,3.166828586926798e-05,8.619632713739875e-05,0.0,0.0
0.001,0.001,0.001,0.001,169.0,9.722785979867176e-05,1.4992798708376e-05,0.03510499475788757,4.3250065050547965e-06,3.443676803657545e-05,1.7452891552893813e-05,0.0,0.0,0.00010578014785889197,1.777609117812444e-05,0.03629796573230596,4.8964808590236015e-06,2.272539296824932e-05,1.8749649466070082e-05,0.0,0.0
0.001,0.001,0.001,0.001,170.0,0.0001123627556858477,1.6130162094170578e-05,0.035334908443535006,5.658842007405048e-06,3.4406249959727276e-05,3.474552239656504e-05,0.0,0.0,0.00013186093079714875,1.980904063918403e-05,0.035044614782653354,7.331207309756198e-06,2.782509533112613e-05,3.650761105410244e-05,0.0,0.0
0.001,0.001,0.001,0.001,171.0,9.224854240368119e-05,1.4544015206799873e-05,0.03514158487711224,3.891365019007292e-06,3.291626274422773e-05,1.4306562884388985e-05,0.0,0.0,0.00013328049394569036,2.3354619515805528e-05,0.03526307651698372,7.11090591221397e-06,2.3410452377444835e-05,4.850770933779444e-05,0.0,0.0
0.001,0.001,0.001,0.001,172.0,0.00011858672192706155,1.665876557461474e-05,0.03480828290276724,6.199824918673354e-06,3.798972880475174e-05,5.289798022617813e-05,0.0,0.0,0.00012414489794124452,1.9397020826643003e-05,0.034512999695117764,6.493785812488052e-06,2.9525237374549202e-05,9.377974362410116e-05,0.0,0.0
0.001,0.001,0.001,0.001,173.0,0.00010139274428713894,1.5216820823866411e-05,0.03477641983320468,4.721898035930587e-06,3.612916729562037e-05,2.2704187926404664e-05,0.0,0.0,0.00014253700441422035,2.2997105923736193e-05,0.034824566552884205,8.019185070669387e-06,3.03166716186359e-05,5.967250749938201e-05,0.0,0.0
0.001,0.001,0.001,0.001,174.0,9.48042975599218e-05,1.4830392034588112e-05,0.03529723481642644,4.104165407278312e-06,3.2863345220019e-05,1.394721150349975e-05,0.0,0.0,0.00012102072983253327,1.8595195427222108e-05,0.0372561238418088,6.247229569013517e-06,2.253986372755139e-05,1.772506158639467e-05,0.0,0.0
0.001,0.001,0.001,0.001,175.0,0.00010229098959157245,1.5336798783047285e-05,0.03566314759891803,4.757749140693496e-06,3.173018471473436e-05,2.162125263838504e-05,0.0,0.0,0.0001328766949834502,1.774921140252775e-05,0.040280199285669976,7.137939710837911e-06,2.348265426585163e-05,4.478479262547028e-05,0.0,0.0
0.001,0.001,0.001,0.001,176.0,0.0001214913482838954,1.6994164777470314e-05,0.03508014987167827,6.405801171400993e-06,3.709278430805919e-05,6.598966046595208e-05,0.0,0.0,0.00011428351399876288,1.9360722968720624e-05,0.0344589907787387,5.7374903798916755e-06,2.519688828064375e-05,2.2768221457521442e-05,0.0,0.0
0.001,0.001,0.001,0.001,177.0,9.981978025613794e-05,1.519281588970862e-05,0.03504851053011713,4.5689479209949975e-06,3.421672584150939e-05,1.86919997615815e-05,0.0,0.0,0.00013992091690334148,2.1354700768882554e-05,0.035774644385455384,7.804663915955665e-06,2.2902272628001766e-05,9.818815514628716e-05,0.0,0.0
0.001,0.001,0.001,0.001,178.0,0.0001141356469278608,1.6429559798383546e-05,0.03563275069329836,5.7826787973745035e-06,3.373044939798109e-05,3.494006900715225e-05,0.0,0.0,0.00018663797306778612,2.485533643212138e-05,0.036143902735411036,1.1928300574817746e-05,3.2116149750094665e-05,0.00012576446136022238,0.0,0.0
0.001,0.001,0.001,0.001,179.0,9.587168547216658e-05,1.477342435161878e-05,0.03492417051317612,4.21366528574182e-06,3.499391292405431e-05,2.1521785309219054e-05,0.0,0.0,0.0001180469417889527,1.934057359720725e-05,0.036416393477146335,5.790254556467086e-06,2.2656055458340107e-05,8.487288285974742e-05,0.0,0.0
0.001,0.001,0.001,0.001,180.0,0.00010854833421138924,1.5940330033541027e-05,0.03584985729282481,5.3018673831149466e-06,3.161614269584907e-05,2.3114281969387122e-05,0.0,0.0,0.00013147984810695215,2.2979528382997096e-05,0.03582287321640226,6.786604034340997e-06,2.311917544613307e-05,9.997950251286212e-05,0.0,0.0
0.001,0.001,0.001,0.001,181.0,0.00011175732125997639,1.6085085814946555e-05,0.0353454433756532,5.587050992454915e-06,3.531397170112764e-05,3.6995304977598e-05,0.0,0.0,0.00012040549795293432,1.746053620799289e-05,0.036021715343911485,6.3347958014910904e-06,2.918070906986611e-05,2.62886125848776e-05,0.0,0.0
0.001,0.001,0.001,0.001,182.0,9.611800494518051e-05,1.496704232292268e-05,0.03501706503000162,4.238577287851765e-06,3.3632912726161394e-05,1.539326935443901e-05,0.0,0.0,0.00011166339395156797,1.7774994944457988e-05,0.037032617184039364,5.361448968410086e-06,2.2644457218536413e-05,3.90737786178187e-05,0.0,0.0
0.001,0.001,0.001,0.001,183.0,0.00011505980483357921,1.6475608420317038e-05,0.035682374282714924,5.824607970731266e-06,3.493424899986457e-05,4.649262864475904e-05,0.0,0.0,0.00011487066529909955,1.7534388114470157e-05,0.03576942470758871,5.7256151948051655e-06,2.8646920440635724e-05,5.784027503569353e-05,0.0,0.0
0.001,0.001,0.001,0.001,184.0,0.00010172466761452118,1.529549319986524e-05,0.03528338730237416,4.707616701740304e-06,3.458223585825682e-05,2.445578896874662e-05,0.0,0.0,0.00011961465285982962,1.697527963908326e-05,0.038392969437709784,6.075342381495216e-06,2.4519302571665e-05,4.164192034891127e-05,0.0,0.0
0.001,0.001,0.001,0.001,185.0,9.526099533977579e-05,1.4818292237479292e-05,0.03561322457061294,4.127528709093903e-06,3.184295069736787e-05,1.4795783660777792e-05,0.0,0.0,0.000136695426197065,2.3620322415869946e-05,0.035717190561896255,7.411384788370224e-06,2.204940081041136e-05,4.1564943264734425e-05,0.0,0.0
0.001,0.001,0.001,0.001,186.0,0.00010052521495786404,1.5184156209209238e-05,0.035561569492902574,4.578427350906746e-06,3.4133428736312206e-05,2.3274837761213657e-05,0.0,0.0,0.00012335023718949254,1.8229354533505605e-05,0.03874132887105017,6.290043058588555e-06,2.247277133715577e-05,4.9273762117458586e-05,0.0,0.0
0.001,0.001,0.001,0.001,187.0,0.00010677897616590232,1.57143623699053e-05,0.03576309018293538,5.130819391656723e-06,3.2858758533506754e-05,2.829807554063415e-05,0.0,0.0,0.0001403688926993238,1.840344924245109e-05,0.03940313808853656,7.63966551661151e-06,2.7596136729110874e-05,0.00013624138455568962,0.0,0.0
0.001,0.001,0.001,0.001,188.0,0.00011323216190172497,1.6309426995905396e-05,0.035080093186672025,5.695307578206912e-06,3.697607005565847e-05,4.767828655628233e-05,0.0,0.0,0.00011502514420675669,1.6900577767019145e-05,0.036988880232596034,5.701367409972558e-06,3.084525181052622e-05,4.149939170542678e-05,0.0,0.0
0.001,0.001,0.001,0.001,189.0,0.00010028949418019168,1.5139696690781795e-05,0.03482476440085102,4.633920956759611e-06,3.548845811350139e-05,1.747901557272327e-05,0.0,0.0,0.00013146661310290265,1.915600918328327e-05,0.03707107951569783,7.178087557018141e-06,2.8221920208470373e-05,2.5458192045801746e-05,0.0,0.0
0.001,0.001,0.001,0.001,190.0,9.536208318554736e-05,1.4816842457151408e-05,0.03568726625595103,4.128997884305085e-06,3.187362308796982e-05,1.5225265009057673e-05,0.0,0.0,0.00012056144047970051,1.9343467363897496e-05,0.03752586611816259,6.082046369102585e-06,2.2970921544819853e-05,2.2981969408399168e-05,0.0,0.0
0.001,0.001,0.001,0.001,191.0,0.00010531458900019103,1.554037278455001e-05,0.035463206798794666,5.008573057743287e-06,3.4414814842143995e-05,3.135181035661975e-05,0.0,0.0,0.00012843195678609174,1.9851798342768765e-05,0.03786789984010937,6.667601128442422e-06,2.3010961175849326e-05,6.940596294402533e-05,0.0,0.0
0.001,0.001,0.001,0.001,192.0,0.00011193327207313911,1.611945907030036e-05,0.035156571918339034,5.62200384312592e-06,3.5192010917775925e-05,3.6719995965719326e-05,0.0,0.0,0.0001347330586302395,1.824417786954961e-05,0.03832739458998827,7.292192521827132e-06,2.7171439342262543e-05,0.0001008966168352042,0.0,0.0
0.001,0.001,0.001,0.001,193.0,0.00010146897879642207,1.5279656329824735e-05,0.03530181843969485,4.6888930851303214e-06,3.481506758796827e-05,2.0682582296996224e-05,0.0,0.0,0.00017238581315515784,2.3405869601954678e-05,0.03968872807045039,1.034509424435596e-05,2.356404729603396e-05,0.00013935464639135145,0.0,0.0
0.001,0.001,0.001,0.001,194.0,0.00010202564948901091,1.533763871201846e-05,0.035479909523691164,4.726511314051232e-06,3.406399855744013e-05,2.1463457568801423e-05,0.0,0.0,0.00011973760130167834,1.9285797102241467e-05,0.037469494123253656,5.9107021698226585e-06,2.6373554646396353e-05,4.951724116488364e-05,0.0,0.0
0.001,0.001,0.001,0.001,195.0,0.00010133148082751488,1.5210183384935004e-05,0.035693773080035775,4.655914133207959e-06,3.343905042271921e-05,2.0979040901166833e-05,0.0,0.0,0.0001332954074829113,1.9751470922134114e-05,0.03759771413737018,7.2271194602199775e-06,2.628198363721693e-05,4.187312134788497e-05,0.0,0.0
0.001,0.001,0.001,0.001,196.0,0.00010784026375554134,1.5793037474388236e-05,0.03554948246518162,5.238911954251723e-06,3.437658580613198e-05,2.683855074231464e-05,0.0,0.0,0.00012196499208480196,2.034704173931816e-05,0.036477233592303974,6.156011549463194e-06,2.280336463310202e-05,5.201051699644312e-05,0.0,0.0
0.001,0.001,0.001,0.001,197.0,0.00011894469211864021,1.688002466344413e-05,0.03601759297597982,6.170740330667515e-06,3.26575180852519e-05,4.2956703189970574e-05,0.0,0.0,0.00014270967892629252,2.0530207797509287e-05,0.03605365231470154,8.121438582830202e-06,3.1073600155776345e-05,7.216283939622565e-05,0.0,0.0
0.001,0.001,0.001,0.001,198.0,9.218593272472661e-05,1.4565683033451681e-05,0.03572576127696394,3.843911631944877e-06,3.124606346094309e-05,1.3230549702809718e-05,0.0,0.0,0.00010668197126009921,1.7718229751428862e-05,0.037304456230935,4.787494731400488e-06,2.4599674676299162e-05,5.2974748212564264e-05,0.0,0.0
0.001,0.001,0.001,0.001,199.0,0.00010320112757078837,1.5494217052533337e-05,0.036274491004336065,4.784071244289702e-06,3.056150682043737e-05,2.1422179218841132e-05,0.0,0.0,0.0001190491004970623,1.8162744826534294e-05,0.03755842941595115,5.992188205664571e-06,2.1533524234411363e-05,5.0107598970718896e-05,0.0,0.0
0.001,0.001,0.001,0.001,200.0,0.00011086540881955838,1.6138028518167415e-05,0.035868396701319735,5.470867121688906e-06,3.2324189603730256e-05,3.671565413163264e-05,0.0,0.0,0.00013740335282140067,1.7555834747831195e-05,0.03936218216547907,7.595815934453482e-06,2.7772959642961397e-05,6.999514995222296e-05,0.0,0.0
0.0003,0.0003,0.0003,0.0003,201.0,7.410346172354048e-05,1.2684398223495372e-05,0.035469874397278875,2.2516964887257966e-06,3.2918763560769665e-05,5.613833531952213e-06,0.0,0.0,7.953322824124005e-05,1.4523916470458701e-05,0.03578313921030032,2.666980094960192e-06,2.347692123896625e-05,8.347092387207868e-06,0.0,0.0
0.0003,0.0003,0.0003,0.0003,202.0,7.417894820228846e-05,1.2799940949172175e-05,0.03585401412852266,2.2309260580002587e-06,3.085922722196685e-05,5.192315143881371e-06,0.0,0.0,8.063417767287645e-05,1.4763454058406946e-05,0.03604352552468198,2.7413540396212702e-06,2.235963844016794e-05,7.1076787424119756e-06,0.0,0.0
0.0003,0.0003,0.0003,0.0003,203.0,7.488837225425833e-05,1.284079878267282e-05,0.03635275514727088,2.2592935351190154e-06,2.9654662900117283e-05,5.456580472058502e-06,0.0,0.0,8.127255979213825e-05,1.4964225167727602e-05,0.03653278528426704,2.7394868907816453e-06,2.161812127053666e-05,8.754676163554387e-06,0.0,0.0
0.0003,0.0003,0.0003,0.0003,204.0,7.448210025187188e-05,1.2743553703267005e-05,0.03692503263161706,2.182154102945391e-06,2.8534167794143063e-05,5.542164956834889e-06,0.0,0.0,8.436287890418e-05,1.5306585199560667e-05,0.037320525171459375,2.8906462331629207e-06,2.1875251073076863e-05,2.5671155408570268e-05,0.0,0.0
0.0003,0.0003,0.0003,0.0003,205.0,7.550170772529277e-05,1.2786280946408108e-05,0.03726768829499084,2.248393090779655e-06,2.8181610796564114e-05,5.825770674286875e-06,0.0,0.0,8.243412738662542e-05,1.5677102198923636e-05,0.03690604423189754,2.7421119512093673e-06,2.0983330803815037e-05,1.3261089448153566e-05,0.0,0.0
0.0003,0.0003,0.0003,0.0003,206.0,7.524576847839141e-05,1.2760637587065507e-05,0.03766593387327344,2.1921059410560914e-06,2.7619951160749322e-05,5.445623203641969e-06,0.0,0.0,8.36667249278613e-05,1.4011923377670026e-05,0.039108769779306184,2.823258146329058e-06,2.0402054249776043e-05,1.0929712947569435e-05,0.0,0.0
0.0003,0.0003,0.0003,0.0003,207.0,7.663767042091842e-05,1.2812257591775796e-05,0.03805460438762678,2.288039603545682e-06,2.7541415899379405e-05,5.450743043206188e-06,0.0,0.0,8.271708124784928e-05,1.561529168387519e-05,0.037611310235085404,2.7303989450819924e-06,2.0349280441247076e-05,6.062392752139029e-06,0.0,0.0
0.0003,0.0003,0.0003,0.0003,208.0,7.582025371900678e-05,1.274250455104328e-05,0.03829365390754372,2.1928305104133562e-06,2.736353207729008e-05,4.777393039650605e-06,0.0,0.0,8.281924271927896e-05,1.4295775977543805e-05,0.039075685766906655,2.7159528370574536e-06,2.042028448928836e-05,9.848904839313855e-06,0.0,0.0
0.0003,0.0003,0.0003,0.0003,209.0,7.74255688361021e-05,1.2846932249428135e-05,0.03860548673908177,2.3153383922159003e-06,2.6964998198152524e-05,4.930563229541779e-06,0.0,0.0,8.225179513672504e-05,1.4352385187256226e-05,0.03935010280163944,2.637583104542122e-06,2.052360220592216e-05,4.844550103324711e-06,0.0,0.0
0.0003,0.0003,0.0003,0.0003,210.0,7.57398201224391e-05,1.26884289176037e-05,0.038920732865817875,2.134121569446358e-06,2.6859892382740353e-05,4.138043597801106e-06,0.0,0.0,8.201400591999654e-05,1.4279640708328411e-05,0.03974184969930558,2.579253984292995e-06,2.0805211796599452e-05,4.778107606722137e-06,0.0,0.0
0.0003,0.0003,0.0003,0.0003,211.0,7.700736468248487e-05,1.2739188856758624e-05,0.03923237234636608,2.2229510851308006e-06,2.6952602022111286e-05,4.4412157809524055e-06,0.0,0.0,8.410482618264531e-05,1.5657000742058924e-05,0.03923482026695597,2.6885216202618774e-06,2.121265866544726e-05,8.260823727371736e-06,0.0,0.0
0.0003,0.0003,0.0003,0.0003,212.0,7.726520550435828e-05,1.2753930064303311e-05,0.03944591711051789,2.2284843439884692e-06,2.6772870150498514e-05,4.129034768500759e-06,0.0,0.0,8.442661626103798e-05,1.527998895810803e-05,0.03960888110574017,2.733862459288444e-06,2.0453439222808283e-05,6.15102778451307e-06,0.0,0.0
0.0003,0.0003,0.0003,0.0003,213.0,7.727906493522974e-05,1.2744952329990802e-05,0.039751592338802516,2.203371312163241e-06,2.650437637933945e-05,3.93469460171571e-06,0.0,0.0,8.337167928482384e-05,1.439549683486733e-05,0.04009967561971524,2.673501163347957e-06,2.036071095639628e-05,4.21687121225433e-06,0.0,0.0
0.0003,0.0003,0.0003,0.0003,214.0,7.870424433760695e-05,1.2939038891738726e-05,0.03995260316674767,2.3094559445885904e-06,2.607699466359483e-05,4.413651657454248e-06,0.0,0.0,8.271135930953524e-05,1.5118946664355951e-05,0.03990415514689306,2.560617397673002e-06,1.9314427741523653e-05,6.0255554185781654e-06,0.0,0.0
0.0003,0.0003,0.0003,0.0003,215.0,7.911375619495783e-05,1.294043660465585e-05,0.04019222362340583,2.3328151629031587e-06,2.5504648062885675e-05,4.099098840539097e-06,0.0,0.0,8.383102621908627e-05,1.5799125607045133e-05,0.04003625998394408,2.5628586627798897e-06,1.9226569498350044e-05,1.7775811289919757e-05,0.0,0.0
0.0003,0.0003,0.0003,0.0003,216.0,7.916579742341578e-05,1.2920320490066716e-05,0.04045048606582665,2.3156211634930775e-06,2.5392853282330647e-05,3.979669539188631e-06,0.0,0.0,8.303330195483492e-05,1.476054029477411e-05,0.04044740781307568,2.5681360769344887e-06,1.9897848579494842e-05,6.16824255163099e-06,0.0,0.0
0.0003,0.0003,0.0003,0.0003,217.0,7.784339115319534e-05,1.2759346977929452e-05,0.040577865430554014,2.191236446272114e-06,2.510421912341643e-05,3.3356166714125795e-06,0.0,0.0,8.3733226946945e-05,1.568366181171013e-05,0.04015867725112506,2.577733678986274e-06,1.8898935369271737e-05,8.946203411523494e-06,0.0,0.0
0.0003,0.0003,0.0003,0.0003,218.0,7.813648834679276e-05,1.2781760853267094e-05,0.040896343171900856,2.1872347662927555e-06,2.497070935911039e-05,3.5585499338631656e-06,0.0,0.0,8.251983310440033e-05,1.442715747185618e-05,0.04126967525586518,2.481590861054062e-06,1.8865636614388375e-05,4.821033964191637e-06,0.0,0.0
0.0003,0.0003,0.0003,0.0003,219.0,7.886769582510992e-05,1.2782807773547037e-05,0.04117152228799291,2.233202542621946e-06,2.4823063163382195e-05,3.961273050981302e-06,0.0,0.0,8.448614539718833e-05,1.5615283667584907e-05,0.04104427172701173,2.578084691699942e-06,1.841764389650169e-05,8.159065999944553e-06,0.0,0.0
0.0003,0.0003,0.0003,0.0003,220.0,7.849045653613423e-05,1.2744787102134768e-05,0.041397538780622634,2.182175511914162e-06,2.4394572898897295e-05,3.4766434719575675e-06,0.0,0.0,8.993837593515953e-05,1.4928554354326727e-05,0.042056564755199775,3.0816743144844718e-06,1.892979967185897e-05,9.7412598538384e-06,0.0,0.0
0.0003,0.0003,0.0003,0.0003,221.0,8.26175276075283e-05,1.3116865019291977e-05,0.04140259841773564,2.554819956890922e-06,2.4431046289950128e-05,4.270312864969277e-06,0.0,0.0,8.297046275152522e-05,1.5214145636084278e-05,0.04089376912944774,2.4841659657770845e-06,1.87541395885496e-05,5.8188967672823696e-06,0.0,0.0
0.0003,0.0003,0.0003,0.0003,222.0,7.9759410633855e-05,1.2961469317093741e-05,0.04141085748142956,2.2868133416780442e-06,2.4330843015321537e-05,3.434555805715565e-06,0.0,0.0,8.232910945171926e-05,1.4871524541459117e-05,0.04142574859439327,2.4097950899143213e-06,1.853155001411733e-05,3.2291210276821684e-06,0.0,0.0
0.0003,0.0003,0.0003,0.0003,223.0,7.895427084203374e-05,1.2803632659811769e-05,0.04163352231597657,2.1971965007763416e-06,2.4521575144984736e-05,3.7196501870474567e-06,0.0,0.0,8.333390929529349e-05,1.4937051001101166e-05,0.04159080238780516,2.4765847405118864e-06,1.8362401979272895e-05,8.158643699861977e-06,0.0,0.0
0.0003,0.0003,0.0003,0.0003,224.0,7.962754443392717e-05,1.2845518040559151e-05,0.04191842637439873,2.2364181479392598e-06,2.4114390314378267e-05,3.5190842544306957e-06,0.0,0.0,8.826061585146382e-05,1.595874453031147e-05,0.04170092627308301,2.8477516128128775e-06,1.9350440862033355e-05,7.535309573112991e-06,0.0,0.0
0.0003,0.0003,0.0003,0.0003,225.0,8.429221130118187e-05,1.3229102765606388e-05,0.0420769608635958,2.649624236485504e-06,2.38511007037191e-05,4.191725304357839e-06,0.0,0.0,8.442112020113967e-05,1.4760963680147228e-05,0.04180443724909462,2.5867119791623725e-06,1.8667274226553865e-05,4.874796187481775e-06,0.0,0.0
0.0003,0.0003,0.0003,0.0003,226.0,8.083588760229844e-05,1.3022520314509834e-05,0.04198865326193455,2.339442958748657e-06,2.3512781917165294e-05,3.1601662229211813e-06,0.0,0.0,8.159997324641987e-05,1.4455735347696317e-05,0.04194932271754281,2.328864524810459e-06,1.7924510662430307e-05,4.552662641168005e-06,0.0,0.0
0.0003,0.0003,0.0003,0.0003,227.0,7.933409162060417e-05,1.2809460766540332e-05,0.04210726217109299,2.1939868660703415e-06,2.3897099486376357e-05,3.511509611268542e-06,0.0,0.0,8.49876827385445e-05,1.5364088008050684e-05,0.04159390384006639,2.6123492490034315e-06,1.8018294725464658e-05,4.174657917205675e-06,0.0,0.0
0.0003,0.0003,0.0003,0.0003,228.0,8.155278151801038e-05,1.289494223516207e-05,0.04223572877714618,2.3913384977935755e-06,2.3985680588116227e-05,4.406203827378101e-06,0.0,0.0,8.373470222032313e-05,1.5136642995319158e-05,0.041683122254826566,2.4921530829050724e-06,1.8157410552708013e-05,7.1065133274439454e-06,0.0,0.0
0.0003,0.0003,0.0003,0.0003,229.0,7.872898678075305e-05,1.2789219006021035e-05,0.04212626987656566,2.1362542269714472e-06,2.3720845117302047e-05,3.1547572407037113e-06,0.0,0.0,8.543016575438186e-05,1.5423087294213983e-05,0.041858748547097,2.6087197992797687e-06,1.8580126557108328e-05,8.124699147207898e-06,0.0,0.0
0.0003,0.0003,0.0003,0.0003,230.0,8.310808132301213e-05,1.2982934042500188e-05,0.04241429822265363,2.5202436951758998e-06,2.390616386922469e-05,4.711733045509593e-06,0.0,0.0,8.278922175728382e-05,1.532183055972095e-05,0.04170666905670249,2.377799535315982e-06,1.790387658847326e-05,7.693491619466064e-06,0.0,0.0
0.0003,0.0003,0.0003,0.0003,231.0,7.91564019437914e-05,1.284183308678191e-05,0.04225446650368467,2.164390258833857e-06,2.3393985058559083e-05,3.071963659962959e-06,0.0,0.0,8.333253045090868e-05,1.5378875983259106e-05,0.04168550687537065,2.430840537765716e-06,1.834863146691141e-05,4.995082336007349e-06,0.0,0.0
0.0003,0.0003,0.0003,0.0003,232.0,8.057603675865804e-05,1.2913644512707005e-05,0.042393257620015515,2.2815106914502256e-06,2.3765624952654917e-05,3.0985203248174983e-06,0.0,0.0,8.373992752543984e-05,1.5603550188207726e-05,0.04174530812634942,2.4403147240068235e-06,1.8452428861296006e-05,5.707078648622084e-06,0.0,0.0
0.0003,0.0003,0.0003,0.0003,233.0,7.862180113852877e-05,1.2641556271247155e-05,0.042636337094307815,2.0906580366932693e-06,2.3688098326459897e-05,2.7406136929812917e-06,0.0,0.0,8.548485487682526e-05,1.568059229694377e-05,0.042134597158449395,2.572425284131864e-06,1.786012320430702e-05,6.375912086054701e-06,0.0,0.0
0.0003,0.0003,0.0003,0.0003,234.0,8.380289694769335e-05,1.305480932576645e-05,0.042797437754210375,2.544774244071421e-06,2.404233236976085e-05,3.946877573008499e-06,0.0,0.0,8.314343436254646e-05,1.5601845547032285e-05,0.04180707941735252,2.373270457349116e-06,1.764773858343738e-05,9.481132969600375e-06,0.0,0.0
0.0003,0.0003,0.0003,0.0003,235.0,8.331189081465104e-05,1.3152895335848035e-05,0.0426462251885932,2.5130609604576883e-06,2.3000643435941396e-05,3.2837637489277514e-06,0.0,0.0,8.442239755361099e-05,1.4261062521749686e-05,0.04309571447988047,2.504804271459242e-06,1.765762316297203e-05,1.0072543533795896e-05,0.0,0.0
0.0003,0.0003,0.0003,0.0003,236.0,8.1426040001641e-05,1.2938685401796327e-05,0.04270685033194781,2.3377078998761667e-06,2.324643246682342e-05,3.151186364008152e-06,0.0,0.0,8.65469144158477e-05,1.5199894534735916e-05,0.04210671620548076,2.737241469595759e-06,1.742949573682921e-05,4.997496540934737e-06,0.0,0.0
0.0003,0.0003,0.0003,0.0003,237.0,7.941850935324469e-05,1.2841856319031329e-05,0.042734274019797645,2.1434186760407902e-06,2.3357238200182415e-05,2.898648760257752e-06,0.0,0.0,8.671038742606847e-05,1.6823559149914305e-05,0.04153405059262143,2.6498162676719824e-06,1.7262603464962112e-05,5.134106259238139e-06,0.0,0.0
0.0003,0.0003,0.0003,0.0003,238.0,8.043884239778963e-05,1.2877183922566134e-05,0.042951765735813684,2.22404244004809e-06,2.2951428153600306e-05,2.9729349244899853e-06,0.0,0.0,8.527421129738028e-05,1.4997796583429922e-05,0.042809955900729266,2.553362739714917e-06,1.7378840484324755e-05,7.797801331975695e-06,0.0,0.0
0.0003,0.0003,0.0003,0.0003,239.0,8.265894854628178e-05,1.2924793055641604e-05,0.04308251898265685,2.4161436938144646e-06,2.3890573507189862e-05,4.045587629141971e-06,0.0,0.0,8.247224357587786e-05,1.522414716689003e-05,0.04217000414340884,2.308940676472548e-06,1.8760684572219956e-05,4.504603094274937e-06,0.0,0.0
0.0003,0.0003,0.0003,0.0003,240.0,7.940019312502176e-05,1.2781358276150948e-05,0.042947096305876904,2.124219426041581e-06,2.364992493186269e-05,2.581980726837856e-06,0.0,0.0,8.50548890766937e-05,1.6260327395715905e-05,0.04183648165823507,2.5065576652987963e-06,1.7542293266933086e-05,5.530897621188502e-06,0.0,0.0
0.0003,0.0003,0.0003,0.0003,241.0,8.042124073653458e-05,1.2853291588297072e-05,0.04303660371730051,2.211052289419206e-06,2.3446462467767043e-05,3.0469655650227667e-06,0.0,0.0,8.666339480203666e-05,1.6224075828486664e-05,0.04198938423399504,2.655110791902965e-06,1.798570626935887e-05,4.010164229706899e-06,0.0,0.0
0.0003,0.0003,0.0003,0.0003,242.0,8.031763806560415e-05,1.2752899378271613e-05,0.04313281528722362,2.196434420256249e-06,2.3966727168324006e-05,2.8361755848964306e-06,0.0,0.0,8.815943387995611e-05,1.5458647703847364e-05,0.04297491613528226,2.7850477781041917e-06,1.78774754568732e-05,3.50568336414071e-06,0.0,0.0
0.0003,0.0003,0.0003,0.0003,243.0,8.573704656507066e-05,1.3092899421940954e-05,0.04323641282800425,2.6928959548738924e-06,2.3659237485257135e-05,4.513951129463073e-06,0.0,0.0,8.009900848848581e-05,1.4317993700547098e-05,0.04257897950062171,2.117977222345265e-06,1.8100694443867417e-05,8.487649267407087e-06,0.0,0.0
0.0003,0.0003,0.0003,0.0003,244.0,8.00184837328197e-05,1.284355496424188e-05,0.043048351269451744,2.1700251817315452e-06,2.3630046959651732e-05,2.5327549028723027e-06,0.0,0.0,8.277954444707658e-05,1.4592280304139204e-05,0.04278006297580349,2.3488986578390613e-06,1.817406347812642e-05,4.032244846549746e-06,0.0,0.0
0.0003,0.0003,0.0003,0.0003,245.0,8.169371783329608e-05,1.2948742062509041e-05,0.04307120302345612,2.323267257485247e-06,2.3709693680115952e-05,2.805142967909416e-06,0.0,0.0,8.375951502956844e-05,1.466511848556638e-05,0.042865450879155415,2.4384562555013874e-06,1.762559878558854e-05,3.272834445016717e-06,0.0,0.0
0.0003,0.0003,0.0003,0.0003,246.0,8.177429726478517e-05,1.2932750771412969e-05,0.0430919913144376,2.332415476799349e-06,2.3396946722551988e-05,3.428135747243525e-06,0.0,0.0,8.258281436666947e-05,1.547326562013107e-05,0.04202754433619376,2.3149408251360676e-06,1.7702405883916172e-05,6.494128206064385e-06,0.0,0.0
0.0003,0.0003,0.0003,0.0003,247.0,7.937811506219394e-05,1.2763790857935305e-05,0.04314909213209656,2.103728286996514e-06,2.3680770861131177e-05,2.394795019461378e-06,0.0,0.0,8.716702172836665e-05,1.5996521904593826e-05,0.04248078466331237,2.6832368366130102e-06,1.781278835094776e-05,3.042628747689119e-06,0.0,0.0
0.0003,0.0003,0.0003,0.0003,248.0,8.64688674342113e-05,1.3221182270789602e-05,0.04330999749820655,2.744229222535294e-06,2.3871885742539903e-05,4.328190245748844e-06,0.0,0.0,8.293284470267067e-05,1.523942209524714e-05,0.042812083636557946,2.2932655110741023e-06,1.7815706037584992e-05,6.684446328922574e-06,0.0,0.0
0.0003,0.0003,0.0003,0.0003,249.0,8.232184227726325e-05,1.3053010385712556e-05,0.04316016970532467,2.3733412275714427e-06,2.316672909204007e-05,2.3429924530417624e-06,0.0,0.0,8.236149019092311e-05,1.606766367341761e-05,0.041750904093859925,2.266322390266013e-06,1.768460862584579e-05,4.449416517369116e-06,0.0,0.0
0.0003,0.0003,0.0003,0.0003,250.0,7.922664169553871e-05,1.2735935079095403e-05,0.04321657573052952,2.093883528826643e-06,2.281236022022315e-05,2.162286109019264e-06,0.0,0.0,8.450270186792814e-05,1.572326726901629e-05,0.04245185818357419,2.4467216327323967e-06,1.7533594226761038e-05,4.279947945595322e-06,0.0,0.0
0.0003,0.0003,0.0003,0.0003,251.0,8.290216288895565e-05,1.2852322521028952e-05,0.04347759146952525,2.4166044944297323e-06,2.3294670695919488e-05,3.06938522817929e-06,0.0,0.0,8.086414697057317e-05,1.4085937332088772e-05,0.04325704909127442,2.1686430370908104e-06,1.767752640598522e-05,2.6790061812051967e-06,0.0,0.0
0.0003,0.0003,0.0003,0.0003,252.0,8.048611025044129e-05,1.2880899658526564e-05,0.043221766263637815,2.200826169913114e-06,2.3189689871173e-05,2.2484528328915527e-06,0.0,0.0,8.377972736385434e-05,1.5053012116895723e-05,0.0428399902290884,2.4046854964385445e-06,1.740118904870938e-05,3.989955023923559e-06,0.0,0.0
0.0003,0.0003,0.0003,0.0003,253.0,8.094313731381397e-05,1.2822372954036224e-05,0.04342467968782137,2.230306044337998e-06,2.32457101164792e-05,2.738042787353349e-06,0.0,0.0,8.197362265698367e-05,1.4250386011872351e-05,0.04327928572132325,2.265047348514928e-06,1.6896469768058613e-05,4.153133023517168e-06,0.0,0.0
0.0003,0.0003,0.0003,0.0003,254.0,8.095576323635987e-05,1.275028473756182e-05,0.043399916786529304,2.239071136210341e-06,2.333052852704479e-05,3.2718115079951384e-06,0.0,0.0,8.415402945594347e-05,1.528257380706176e-05,0.04277364190132578,2.4257239282116463e-06,1.7108556345470438e-05,5.188658345839431e-06,0.0,0.0
0.0003,0.0003,0.0003,0.0003,255.0,8.05357741247601e-05,1.2799849053721367e-05,0.043364864372581045,2.195451005580679e-06,2.3591180714091767e-05,2.2972183198619033e-06,0.0,0.0,8.425080910690855e-05,1.5496558338009875e-05,0.04253844294036765,2.4360388396464064e-06,1.7685374526857255e-05,3.4751999330453686e-06,0.0,0.0
0.0003,0.0003,0.0003,0.0003,256.0,8.450344468694589e-05,1.2985202366069525e-05,0.043538605282117115,2.552486645310503e-06,2.3589670725549425e-05,3.832049458714973e-06,0.0,0.0,8.088946654947024e-05,1.5454211569472538e-05,0.042488899100965864,2.1091707111902976e-06,1.749593984791341e-05,4.202106523029146e-06,0.0,0.0
0.0003,0.0003,0.0003,0.0003,257.0,8.083323083758859e-05,1.2916693236795975e-05,0.04332671456044386,2.222316252791417e-06,2.315867163594929e-05,2.031640454422493e-06,0.0,0.0,8.175010744680634e-05,1.5466001802380518e-05,0.042465563828192165,2.2029881136983053e-06,1.7426263650672673e-05,1.8412938585776314e-06,0.0,0.0
0.0003,0.0003,0.0003,0.0003,258.0,8.201228922121665e-05,1.3003571254102013e-05,0.04342233024966882,2.3235215553300437e-06,2.2960432160217514e-05,2.205080866956779e-06,0.0,0.0,8.395325384757608e-05,1.5615126027143645e-05,0.04277264382785294,2.3574959170502716e-06,1.748814394134946e-05,9.66833158268221e-06,0.0,0.0
0.0003,0.0003,0.0003,0.0003,259.0,7.997681105973109e-05,1.2704413821672065e-05,0.043624407806746895,2.1286022646114875e-06,2.3036806992699045e-05,2.3313464424289613e-06,0.0,0.0,8.130349764154774e-05,1.4832611300504136e-05,0.04315851875502728,2.1473504594285143e-06,1.7700679728688344e-05,2.7517273535849735e-06,0.0,0.0
0.0003,0.0003,0.0003,0.0003,260.0,7.982222277919977e-05,1.2710677772391722e-05,0.0436458691905703,2.1136446875889894e-06,2.2745742303762345e-05,2.1861009416297788e-06,0.0,0.0,8.270557128790669e-05,1.5154465068734396e-05,0.04322904525535286,2.2490538762236846e-06,1.692565630705801e-05,5.558187977587386e-06,0.0,0.0
0.0003,0.0003,0.0003,0.0003,261.0,8.219283030123924e-05,1.288836659742389e-05,0.04373921678665778,2.3235278140972734e-06,2.2631300841570514e-05,2.6734599790264233e-06,0.0,0.0,8.404626918023957e-05,1.5397200700099242e-05,0.043075087120896444,2.3659981400355715e-06,1.760821358975272e-05,6.127058195601418e-06,0.0,0.0
0.0003,0.0003,0.0003,0.0003,262.0,8.393109348310662e-05,1.2972630089116655e-05,0.04386074361707241,2.4719128746132865e-06,2.29353921858211e-05,3.401980463606251e-06,0.0,0.0,8.444720492844302e-05,1.5121604517009856e-05,0.04322201367888809,2.4331057061314233e-06,1.7015403115710353e-05,2.8394959240886116e-06,0.0,0.0
0.0003,0.0003,0.0003,0.0003,263.0,8.011014242842488e-05,1.2789804872191428e-05,0.04369448411212534,2.1332916573552864e-06,2.239264130735735e-05,2.1468135242886763e-06,0.0,0.0,8.461791486827484e-05,1.6247701454595345e-05,0.042622033052858346,2.3893311755292552e-06,1.754042203467536e-05,4.032975870661725e-06,0.0,0.0
0.0003,0.0003,0.0003,0.0003,264.0,8.465520275264139e-05,1.3098716212724496e-05,0.04378343696884653,2.5381977582219673e-06,2.31293087061617e-05,3.1255510819246484e-06,0.0,0.0,8.030924382886185e-05,1.3578991315297525e-05,0.0439652664808354,2.100282201890287e-06,1.7138028934671114e-05,1.9343454735122414e-06,0.0,0.0
0.0003,0.0003,0.0003,0.0003,265.0,8.056006007984483e-05,1.2796973992371825e-05,0.043700115626133074,2.1707549850575107e-06,2.3064605680046866e-05,1.9583054563110833e-06,0.0,0.0,8.301727391710134e-05,1.5677867257110143e-05,0.04275939091333588,2.2608453640817775e-06,1.786187248162164e-05,7.414928968487777e-06,0.0,0.0
0.0003,0.0003,0.0003,0.0003,266.0,8.087689755824113e-05,1.2807886012950141e-05,0.04384974843770113,2.1844615553517e-06,2.3150016927886017e-05,2.3857406146750247e-06,0.0,0.0,8.440131499144343e-05,1.591298842635281e-05,0.04271754129014686,2.3880275805535504e-06,1.8023248161755837e-05,3.527298717061185e-06,0.0,0.0
0.0003,0.0003,0.0003,0.0003,267.0,8.455856795744807e-05,1.3036093093680451e-05,0.04392803411178133,2.5208777621607316e-06,2.3004324597638606e-05,3.4091306190226966e-06,0.0,0.0,8.27483618686303e-05,1.4159899422091199e-05,0.04406127202128251,2.2719122863348517e-06,1.7324419200027534e-05,3.0249228255702596e-06,0.0,0.0
0.0003,0.0003,0.0003,0.0003,268.0,8.136820262646979e-05,1.2943117482584448e-05,0.04376226705162739,2.2348182189751674e-06,2.2670507535638833e-05,1.903317909059353e-06,0.0,0.0,8.557872155490708e-05,1.4605982259087764e-05,0.04374656553993601,2.53176237919434e-06,1.7875483640112887e-05,4.839978362029428e-06,0.0,0.0
0.0003,0.0003,0.0003,0.0003,269.0,8.039361181326994e-05,1.2814604763759436e-05,0.0438124173253579,2.148360485779748e-06,2.2277723198903063e-05,2.2084129974475887e-06,0.0,0.0,8.426712438310303e-05,1.5290974741293842e-05,0.043252348215105235,2.401115439173415e-06,1.683126556590624e-05,1.1807255988643318e-06,0.0,0.0
0.0003,0.0003,0.0003,0.0003,270.0,8.368718596881362e-05,1.2956729402864576e-05,0.043971500864196746,2.440774778733612e-06,2.2714128422061037e-05,3.1917075484035745e-06,0.0,0.0,8.000770667302921e-05,1.462217935006118e-05,0.04319218130419499,2.0457652771104193e-06,1.687864220873519e-05,1.913085268653791e-06,0.0,0.0
0.0003,0.0003,0.0003,0.0003,271.0,7.940903252193957e-05,1.2731004846300242e-05,0.04378089815769467,2.0630999615566963e-06,2.2232688825250687e-05,1.7143452327762892e-06,0.0,0.0,8.491711878211983e-05,1.6214377773043588e-05,0.042612956843612666,2.4248381332767166e-06,1.7460065884508704e-05,3.815773706006681e-06,0.0,0.0
0.0003,0.0003,0.0003,0.0003,272.0,8.298939758474258e-05,1.2947776342659058e-05,0.043958529061009465,2.3741723865691363e-06,2.2679549181202542e-05,2.9364395825072204e-06,0.0,0.0,8.077993481425075e-05,1.4319934969556325e-05,0.04347795371936239,2.122649562146328e-06,1.6831893293440187e-05,2.89434958148709e-06,0.0,0.0
0.0003,0.0003,0.0003,0.0003,273.0,8.116726056266071e-05,1.292938375170867e-05,0.0438180837527537,2.2162807167156334e-06,2.204238094429335e-05,2.109820411265867e-06,0.0,0.0,8.521830543952455e-05,1.5885418551915577e-05,0.042747420715990074,2.478781100064177e-06,1.7132709681189633e-05,3.3752714787466542e-06,0.0,0.0
0.0003,0.0003,0.0003,0.0003,274.0,8.218448247990562e-05,1.2843460625560592e-05,0.044079337334280724,2.2981817298312586e-06,2.2045416848050926e-05,3.012930860561766e-06,0.0,0.0,8.309823089171566e-05,1.4571902841172656e-05,0.043641674364247866,2.3113331017880264e-06,1.6689796334924044e-05,4.093638704230372e-06,0.0,0.0
0.0003,0.0003,0.0003,0.0003,275.0,8.03395805016101e-05,1.2728054827263183e-05,0.043942024169135147,2.1398153568967953e-06,2.2238291766246688e-05,1.900650818562118e-06,0.0,0.0,8.314082939989517e-05,1.6029196972469648e-05,0.04268854344569359,2.2670992559625117e-06,1.6692226646834268e-05,3.314856791951256e-06,0.0,0.0
0.0003,0.0003,0.0003,0.0003,276.0,8.038811312903827e-05,1.2737023165122225e-05,0.04401240056009731,2.139685898083404e-06,2.1939819354764397e-05,1.9138472159276862e-06,0.0,0.0,8.322270157428379e-05,1.5905615994635425e-05,0.04309835989791751,2.232809597334972e-06,1.6859068389027398e-05,8.18883336748555e-06,0.0,0.0
0.0003,0.0003,0.0003,0.0003,277.0,8.312997500054938e-05,1.2999295110857345e-05,0.044097445945966686,2.3788174447631265e-06,2.1844421885532358e-05,2.424602454605713e-06,0.0,0.0,8.464507287097137e-05,1.4615275357868747e-05,0.043928078638646485,2.4232457860057384e-06,1.7439833288073116e-05,5.011026476005743e-06,0.0,0.0
0.0003,0.0003,0.0003,0.0003,278.0,7.938767450294925e-05,1.2537337387804137e-05,0.04420870653116555,2.0376934402358554e-06,2.208803556305005e-05,2.235617755991387e-06,0.0,0.0,8.226540599625971e-05,1.5548581963002187e-05,0.04334248081773498,2.1533120723172515e-06,1.700607167285083e-05,5.624529122913128e-06,0.0,0.0
0.0003,0.0003,0.0003,0.0003,279.0,8.179624405256737e-05,1.2851194990727716e-05,0.04411697190697832,2.2529007696455354e-06,2.238759724797921e-05,2.4123006016977795e-06,0.0,0.0,8.15755507915045e-05,1.4973577114995087e-05,0.04335363976586743,2.1469556795212325e-06,1.7265715085775785e-05,2.0881442837853577e-06,0.0,0.0
0.0003,0.0003,0.0003,0.0003,280.0,8.222029830430931e-05,1.2820349814251014e-05,0.04409255699018855,2.3036940519848996e-06,2.2125336695270818e-05,2.3166044651140945e-06,0.0,0.0,8.346641322945664e-05,1.5612059325110717e-05,0.04308372171885075,2.3009894669715415e-06,1.6707323869272022e-05,3.6001045301623328e-06,0.0,0.0
0.0003,0.0003,0.0003,0.0003,281.0,7.998900408933417e-05,1.2689939680181548e-05,0.044041701049742955,2.0975678264790823e-06,2.2279284415653885e-05,2.150182117977293e-06,0.0,0.0,8.103450726110414e-05,1.4528220016294465e-05,0.04369810173582805,2.1032787423110597e-06,1.7024801055792386e-05,2.9166299800191434e-06,0.0,0.0
0.0003,0.0003,0.0003,0.0003,282.0,8.071259361614757e-05,1.2753258340771664e-05,0.04421703534283662,2.148189559049648e-06,2.213051684083593e-05,1.8940163717152882e-06,0.0,0.0,8.30965387937392e-05,1.4809890268041897e-05,0.04373779620113902,2.270953076569665e-06,1.7043041877592322e-05,5.400609040986421e-06,0.0,0.0
0.0003,0.0003,0.0003,0.0003,283.0,8.283921028472524e-05,1.2937658808822476e-05,0.04421124165506801,2.3399642347082454e-06,2.2242100279129982e-05,2.658195671122045e-06,0.0,0.0,8.390269130227216e-05,1.5250800201676298e-05,0.04349337054116286,2.3418387483362832e-06,1.6873098343542358e-05,2.1128390948829036e-06,0.0,0.0
0.0003,0.0003,0.0003,0.0003,284.0,8.36961970751469e-05,1.2929453591747114e-05,0.04423226454423606,2.419374812969501e-06,2.2612067013939357e-05,3.1808713066742147e-06,0.0,0.0,8.56449324507735e-05,1.4943845779630767e-05,0.04362821659408809,2.53025891562658e-06,1.6681259758881836e-05,4.086096691222248e-06,0.0,0.0
0.0003,0.0003,0.0003,0.0003,285.0,8.140005818853902e-05,1.2876282978839348e-05,0.0440659728594108,2.2207568663074687e-06,2.20551407506858e-05,1.7886962190915508e-06,0.0,0.0,8.119102415865128e-05,1.4561417103613599e-05,0.043759758534612316,2.1068591405176804e-06,1.7105198093106832e-05,3.6293934112803025e-06,0.0,0.0
0.0003,0.0003,0.0003,0.0003,286.0,8.185675631865793e-05,1.2859512421936031e-05,0.044190993691495005,2.252642999915831e-06,2.228800358188414e-05,2.0407046324313563e-06,0.0,0.0,8.4710083780457e-05,1.427379460906152e-05,0.04394867310856138,2.468634581308098e-06,1.6968429882664494e-05,4.176987194831304e-06,0.0,0.0
0.0003,0.0003,0.0003,0.0003,287.0,7.945697693516199e-05,1.2596417774226937e-05,0.044125099781218625,2.0450290683686663e-06,2.2455212388495518e-05,1.5858105342057558e-06,0.0,0.0,8.565261285822706e-05,1.5058802725708338e-05,0.04398612385679561,2.482751004137049e-06,1.6908672354902014e-05,3.572272946136991e-06,0.0,0.0
0.0003,0.0003,0.0003,0.0003,288.0,8.267171897698805e-05,1.287964772314844e-05,0.04424218054966801,2.328127588485383e-06,2.2154950789129874e-05,2.124699814687536e-06,0.0,0.0,8.460808101087744e-05,1.501790659259638e-05,0.04358227528158893,2.4349079886281007e-06,1.5931720376597733e-05,2.625789926722138e-06,0.0,0.0
0.0003,0.0003,0.0003,0.0003,289.0,8.025755482362118e-05,1.2673747643172675e-05,0.044173163237535194,2.1146381990198255e-06,2.2108580959672235e-05,2.13606246860021e-06,0.0,0.0,8.404910889468451e-05,1.5109718749345498e-05,0.04359000101739868,2.3632113160907694e-06,1.63369403716536e-05,3.3431849806485623e-06,0.0,0.0
0.0003,0.0003,0.0003,0.0003,290.0,8.763599436979195e-05,1.3293044891448373e-05,0.04410715521001451,2.792082480991992e-06,2.218966420299627e-05,3.840036696049585e-06,0.0,0.0,7.974378778894699e-05,1.473164839051388e-05,0.04324172205685004,2.001917696868974e-06,1.665811180452343e-05,3.417088080201054e-06,0.0,0.0
0.0003,0.0003,0.0003,0.0003,291.0,8.013453838261497e-05,1.2735647029983488e-05,0.0440784467915433,2.1071770281539855e-06,2.208136328558639e-05,1.6214358573753891e-06,0.0,0.0,8.960943776707591e-05,1.6318038449967265e-05,0.04301030314333851,2.823983948641223e-06,1.7162325008236808e-05,1.300088889683484e-05,0.0,0.0
0.0003,0.0003,0.0003,0.0003,292.0,8.181057297906558e-05,1.2833196112139497e-05,0.044024285956141204,2.2682533108499868e-06,2.2129402488977552e-05,2.3046103600711184e-06,0.0,0.0,8.168195893848417e-05,1.4786892420153577e-05,0.043524545259409624,2.1605560017537726e-06,1.715514336795135e-05,1.9777889271464775e-06,0.0,0.0
0.0003,0.0003,0.0003,0.0003,293.0,8.069016009811254e-05,1.2738998047622727e-05,0.04403198272924541,2.159523663759447e-06,2.268188025711803e-05,2.2301027209430833e-06,0.0,0.0,8.167926054001249e-05,1.4206031203749036e-05,0.04395338576653854,2.179429632478833e-06,1.66968605136122e-05,2.234336767966761e-06,0.0,0.0
0.0003,0.0003,0.0003,0.0003,294.0,8.182862734711301e-05,1.2796612348155996e-05,0.04400013239658896,2.2767842096194587e-06,2.2050263145313764e-05,2.3604801199925707e-06,0.0,0.0,8.084396902593375e-05,1.4435407096950744e-05,0.043249938031081125,2.135175825864968e-06,1.7294823866688966e-05,3.0952344685285995e-06,0.0,0.0
0.0003,0.0003,0.0003,0.0003,295.0,7.973619963915002e-05,1.2605352559957403e-05,0.04400716921454533,2.0842622658365064e-06,2.2308668238419396e-05,2.007444004058453e-06,0.0,0.0,8.462153471821891e-05,1.5863574895923544e-05,0.04324256936882987,2.3823773321145563e-06,1.6615431224128284e-05,1.2028625234462647e-06,0.0,0.0
0.0003,0.0003,0.0003,0.0003,296.0,8.311541650723971e-05,1.2853897187716293e-05,0.04411966770202639,2.385051333233311e-06,2.2177311994883448e-05,2.9441924282327043e-06,0.0,0.0,7.996220227156342e-05,1.3820199796927068e-05,0.04401715606298871,2.0263511483116357e-06,1.7502007286041632e-05,4.4452850604024805e-06,0.0,0.0
0.0003,0.0003,0.0003,0.0003,297.0,7.956913134529283e-05,1.2568945059496682e-05,0.044052981432557196,2.066341135674025e-06,2.2394495236323927e-05,1.7736644799924595e-06,0.0,0.0,8.458687407282174e-05,1.5092229610695358e-05,0.04356476573245009,2.4179457623501913e-06,1.6927280134886028e-05,2.307651359435914e-06,0.0,0.0
0.0003,0.0003,0.0003,0.0003,298.0,8.451444005730707e-05,1.2996922208333225e-05,0.04394015627162549,2.5221557225995573e-06,2.277508691180902e-05,3.1317383206055258e-06,0.0,0.0,8.169098857701583e-05,1.4064167498408482e-05,0.04355587147822961,2.2180371268220577e-06,1.7575696447654715e-05,5.320279295313397e-06,0.0,0.0
0.0003,0.0003,0.0003,0.0003,299.0,8.072732688634426e-05,1.2766182594495951e-05,0.04378185883425258,2.180213121615276e-06,2.3213149843063728e-05,2.2334748033395235e-06,0.0,0.0,8.20876196118338e-05,1.4835411358061215e-05,0.043137378474380914,2.2327797357581088e-06,1.7187695726267988e-05,2.730431405783758e-06,0.0,0.0
0.0003,0.0003,0.0003,0.0003,300.0,8.13436951102498e-05,1.280965305269297e-05,0.04396407484443061,2.222438293973991e-06,2.2957721061698804e-05,1.9923941518308917e-06,0.0,0.0,8.160161396159426e-05,1.4246060306473481e-05,0.04375550270428369,2.1854984824881234e-06,1.701753301674424e-05,1.7324199351367631e-06,0.0,0.0
