lr_enc,lr_dec,lr_dyn,lr_dyn_scale,epoch,t_total,t_static_recon,t_kl,t_dyn_recon,t_dyn,t_steady,t_dyn_attn,t_attn_pos,v_total,v_static_recon,v_kl,v_dyn_recon,v_dyn,v_steady,v_dyn_attn,v_attn_pos
0.001,0.001,0.001,0.001,1.0,0.001346865367627018,0.00012689544522675544,0.07406506891403832,0.00011280043308328641,0.0001790051589011027,0.0,0.0,0.0,0.00017502922809270284,2.3122844267657802e-05,0.031885418505429135,1.1653703654431589e-05,3.483927440751168e-05,0.0,0.0,0.0
0.001,0.001,0.001,0.001,2.0,0.00028002610490189604,3.363343781380187e-05,0.02813968680560861,2.090922627625224e-05,9.160716050804836e-05,0.0,0.0,0.0,0.0001450056280753656,2.130593222642496e-05,0.02628201489034853,9.297511418622208e-06,4.442565589757478e-05,0.0,0.0,0.0
0.001,0.001,0.001,0.001,3.0,0.0002136508834476,2.6757779763945055e-05,0.024699548800650253,1.5265778017059032e-05,9.53577374997472e-05,0.0,0.0,0.0,0.00011073686927769622,1.6216735970058807e-05,0.024357175026854423,6.401056008356024e-06,6.152396703153699e-05,0.0,0.0,0.0
0.001,0.001,0.001,0.001,4.0,0.0002364765357060813,2.7141934456911044e-05,0.022782619673095337,1.7481113963472188e-05,0.00011740840926451968,0.0,0.0,0.0,7.071624706673635e-05,1.0667669933159584e-05,0.021554775417667545,3.314848381622756e-06,5.345316817357389e-05,0.0,0.0,0.0
0.001,0.001,0.001,0.001,5.0,0.0001379466374773111,1.691441380109991e-05,0.020999752311673885,9.272849318047718e-06,7.30397700206462e-05,0.0,0.0,0.0,7.176233551222576e-05,9.612225467332779e-06,0.021521878740558886,3.5917140943738185e-06,4.711089253967939e-05,0.0,0.0,0.0
0.001,0.001,0.001,0.001,6.0,0.00014577034480904854,1.7405425128075145e-05,0.021249999780224883,9.775281612530814e-06,9.362102820272595e-05,0.0,0.0,0.0,0.00013776597953890556,1.621927190508234e-05,0.021439660893727654,9.494345307192812e-06,5.163592770940212e-05,0.0,0.0,0.0
0.001,0.001,0.001,0.001,7.0,0.00012037540984778032,1.5117490159990329e-05,0.020784595316811785,7.658171906920567e-06,7.891604103636768e-05,0.0,0.0,0.0,8.406385561434306e-05,1.147732006935573e-05,0.020563406356393473,4.671724840358631e-06,5.305879905824013e-05,0.0,0.0,0.0
0.001,0.001,0.001,0.001,8.0,0.00010903001653421755,1.4053279310786464e-05,0.02061801429208555,6.690755985001492e-06,7.451162094735102e-05,0.0,0.0,0.0,0.00011502820847462437,1.4339782213622101e-05,0.020637590612995027,7.490784887792692e-06,5.1429860354697524e-05,0.0,0.0,0.0
0.001,0.001,0.001,0.001,9.0,0.00012629141342947387,1.541965901570583e-05,0.020736422433972904,8.00331597401009e-06,0.00010102170931328379,0.0,0.0,0.0,6.858553311077359e-05,1.0366476712095633e-05,0.019712920039211778,3.363430351787034e-06,4.8718316706836216e-05,0.0,0.0,0.0
0.001,0.001,0.001,0.001,10.0,9.234408554291463e-05,1.2314762097958009e-05,0.02029888965563687,5.226225269784269e-06,7.468180084130367e-05,0.0,0.0,0.0,9.269325929102764e-05,1.144441986482029e-05,0.020322318762949067,5.3828394497754305e-06,7.098125165259146e-05,0.0,0.0,0.0
0.001,0.001,0.001,0.001,11.0,9.989359566105156e-05,1.2867722728444619e-05,0.020248683253515802,5.7703514180211974e-06,9.07367451758521e-05,0.0,0.0,0.0,5.297305312785894e-05,8.42795041286106e-06,0.020016644779405637,1.9273287989770608e-06,5.2551689243552645e-05,0.0,0.0,0.0
0.001,0.001,0.001,0.001,12.0,9.681631149814493e-05,1.2494812629454861e-05,0.0201595500710348,5.506192710869721e-06,9.100020895772462e-05,0.0,0.0,0.0,7.575048413340292e-05,1.023733927538729e-05,0.020124869025461206,4.020799336448359e-06,5.180281334686942e-05,0.0,0.0,0.0
0.001,0.001,0.001,0.001,13.0,0.00010330419513007804,1.3017409057375023e-05,0.020532569440940743,5.869899609113575e-06,0.00011055219133774106,0.0,0.0,0.0,8.483701326021049e-05,1.1551118184457273e-05,0.020046334487118133,4.700664643155194e-06,6.232913054847323e-05,0.0,0.0,0.0
0.001,0.001,0.001,0.001,14.0,9.332869671413795e-05,1.2015324133394081e-05,0.019943329161160612,5.233389143077936e-06,9.036150844906647e-05,0.0,0.0,0.0,6.936525633626673e-05,9.762229254101424e-06,0.019645930055069597,3.4436503250883323e-06,5.5205926754041846e-05,0.0,0.0,0.0
0.001,0.001,0.001,0.001,15.0,8.323696599162256e-05,1.0791213378929757e-05,0.019630450419911512,4.3150883647240126e-06,9.664417185542924e-05,0.0,0.0,0.0,5.94805195485348e-05,9.207627519414458e-06,0.019397072925415215,2.524121146841553e-06,5.6346067676505925e-05,0.0,0.0,0.0
0.001,0.001,0.001,0.001,16.0,8.769640339018572e-05,1.1274764000597095e-05,0.01977696051200231,4.666623198230909e-06,9.978445851538293e-05,0.0,0.0,0.0,4.9921618227009156e-05,7.695052083039477e-06,0.01957222972830681,1.712252991280644e-06,5.531805452141038e-05,0.0,0.0,0.0
0.001,0.001,0.001,0.001,17.0,8.751047318524864e-05,1.1528581075519685e-05,0.01986350773336136,4.784435318387001e-06,8.274030096650328e-05,0.0,0.0,0.0,4.9922410877140824e-05,7.803108592062644e-06,0.019338839176582964,1.713952946515975e-06,5.640932782825237e-05,0.0,0.0,0.0
0.001,0.001,0.001,0.001,18.0,8.7243171524922e-05,1.1373398960314183e-05,0.019626815648383745,4.735132117958657e-06,8.891634567764214e-05,0.0,0.0,0.0,5.284224830346701e-05,8.587334166173547e-06,0.019314782175843575,1.952404835632578e-06,5.4160824875413366e-05,0.0,0.0,0.0
0.001,0.001,0.001,0.001,19.0,6.535146755807433e-05,9.371316946396278e-06,0.01894940303136769,2.9722424071045365e-06,7.30832252781706e-05,0.0,0.0,0.0,7.030283089208344e-05,9.973495926221058e-06,0.01924176787404709,3.538176269971098e-06,5.705803306530773e-05,0.0,0.0,0.0
0.001,0.001,0.001,0.001,20.0,8.511219103501675e-05,1.1133127507109665e-05,0.019496653786941206,4.421522576807107e-06,0.00010267182869930245,0.0,0.0,0.0,5.032098642656724e-05,8.42694012986679e-06,0.018617848628732166,1.849134573209276e-06,4.784851035030243e-05,0.0,0.0,0.0
0.001,0.001,0.001,0.001,21.0,8.658520830715432e-05,1.1315088738299551e-05,0.019635037540300795,4.697876778877944e-06,8.65631321208913e-05,0.0,0.0,0.0,5.700143405499966e-05,8.583004788663578e-06,0.0190112989623797,2.384381945849371e-06,5.5633099911250464e-05,0.0,0.0,0.0
0.001,0.001,0.001,0.001,22.0,8.139968396549338e-05,1.0873080030014285e-05,0.01949717437295609,4.157552292476233e-06,9.453905620045576e-05,0.0,0.0,0.0,5.5285853144529886e-05,8.263570862130122e-06,0.01917898050454109,2.2678811562720146e-06,5.1644892503575076e-05,0.0,0.0,0.0
0.001,0.001,0.001,0.001,23.0,7.894592099588101e-05,1.0406713573672473e-05,0.019024602812991294,4.065027281733956e-06,8.864330891034222e-05,0.0,0.0,0.0,5.501465559362957e-05,8.85426466096486e-06,0.01866444477751919,2.2573352110419064e-06,4.9225931606540795e-05,0.0,0.0,0.0
0.001,0.001,0.001,0.001,24.0,6.948090252492016e-05,9.698841692446561e-06,0.01895207801774212,3.321098081840352e-06,7.619000841415284e-05,0.0,0.0,0.0,6.27317023835651e-05,9.282846099454654e-06,0.018630290834326723,2.98486820968441e-06,4.969882704635187e-05,0.0,0.0,0.0
0.001,0.001,0.001,0.001,25.0,8.070889899462512e-05,1.069269043174955e-05,0.019256790420508277,4.151772971985769e-06,9.241687380941983e-05,0.0,0.0,0.0,4.670163183302946e-05,7.476124488700768e-06,0.019177740303348734,1.501208976587306e-06,5.03567621578262e-05,0.0,0.0,0.0
0.001,0.001,0.001,0.001,26.0,6.453169676417817e-05,9.232324920634561e-06,0.018715523372502086,2.9135979751898454e-06,7.447867770845413e-05,0.0,0.0,0.0,4.7335637814139936e-05,8.071733612198271e-06,0.01839975505659025,1.5741374941524671e-06,5.122773263551753e-05,0.0,0.0,0.0
0.001,0.001,0.001,0.001,27.0,7.542200577891853e-05,1.038329809485216e-05,0.01916964321375982,3.7522481887532344e-06,8.346581584065216e-05,0.0,0.0,0.0,5.041215859021838e-05,8.45314751522186e-06,0.01846666417165434,1.791225069410595e-06,5.5800951363982765e-05,0.0,0.0,0.0
0.001,0.001,0.001,0.001,28.0,7.439596755360997e-05,1.0118561050942067e-05,0.01878692356827052,3.648463382142259e-06,9.005847908031696e-05,0.0,0.0,0.0,4.801550644320185e-05,8.396105862065266e-06,0.01818229066998991,1.6154839131019246e-06,5.282269638729349e-05,0.0,0.0,0.0
0.001,0.001,0.001,0.001,29.0,7.18617045850021e-05,9.909178637718722e-06,0.019024969575475885,3.492126881608526e-06,8.006286674769303e-05,0.0,0.0,0.0,4.27447443325115e-05,7.324076106013798e-06,0.01873547660161371,1.1831554430297052e-06,4.853636233846909e-05,0.0,0.0,0.0
0.001,0.001,0.001,0.001,30.0,6.507139287508395e-05,9.149216876725918e-06,0.018715584303962585,2.948974726707059e-06,7.71684342963624e-05,0.0,0.0,0.0,4.502986947427499e-05,7.892114322390152e-06,0.018122362747584303,1.4074210602423063e-06,4.9411810343131184e-05,0.0,0.0,0.0
0.001,0.001,0.001,0.001,31.0,6.626683826474303e-05,9.203567490878421e-06,0.018717384247202852,2.943830219221924e-06,8.9075832778831e-05,0.0,0.0,0.0,5.06938639050137e-05,8.493815033088467e-06,0.017921635217318252,2.0179362032965428e-06,4.099050784931671e-05,0.0,0.0,0.0
0.001,0.001,0.001,0.001,32.0,7.37894252207094e-05,9.952841354203123e-06,0.018990472302385118,3.546264799933644e-06,9.383462379205558e-05,0.0,0.0,0.0,6.371394021980906e-05,9.277623015738701e-06,0.018389252960409747,3.170551796038167e-06,4.3415454565547404e-05,0.0,0.0,0.0
0.001,0.001,0.001,0.001,33.0,6.989756783326454e-05,9.723071292782687e-06,0.018791106102401263,3.3484741405452567e-06,7.898648194059123e-05,0.0,0.0,0.0,4.322392731526501e-05,6.9556477533857505e-06,0.019067220061881357,1.2640868643254623e-06,4.5601897623392485e-05,0.0,0.0,0.0
0.001,0.001,0.001,0.001,34.0,6.616010043034372e-05,9.214759491641578e-06,0.01854192667559946,2.9465756620810758e-06,8.937656577153031e-05,0.0,0.0,0.0,4.913402431576457e-05,7.642540804559118e-06,0.018792714648050806,1.7779040674678449e-06,4.9197271162890946e-05,0.0,0.0,0.0
0.001,0.001,0.001,0.001,35.0,6.468174930916541e-05,9.1214603385799e-06,0.018652025744931338,2.879067324392631e-06,8.117588976903674e-05,0.0,0.0,0.0,4.5355292452822466e-05,7.639623222634469e-06,0.018381850381964417,1.4664792758665157e-06,4.6690253427548e-05,0.0,0.0,0.0
0.001,0.001,0.001,0.001,36.0,6.918701792022077e-05,9.30398419224572e-06,0.01896055534550044,2.9975231604066515e-06,0.00010947245629026983,0.0,0.0,0.0,6.26928818446146e-05,8.858470861495953e-06,0.01859515264970527,3.0579737428263188e-06,4.659519883899441e-05,0.0,0.0,0.0
0.001,0.001,0.001,0.001,37.0,6.7747376943443e-05,9.482725510355372e-06,0.01865076274632319,3.1586833401618782e-06,8.02705416471779e-05,0.0,0.0,0.0,5.2122031588353996e-05,7.960201146322426e-06,0.018530424405995026,2.0902464403831996e-06,4.728940561473634e-05,0.0,0.0,0.0
0.001,0.001,0.001,0.001,38.0,6.633929736044717e-05,9.277340785994143e-06,0.018574743274276113,2.994247941026278e-06,8.544732898683347e-05,0.0,0.0,0.0,5.965819925741722e-05,8.853454834921923e-06,0.01829361388400265,2.787336993169945e-06,4.637759789185198e-05,0.0,0.0,0.0
0.001,0.001,0.001,0.001,39.0,6.974926714949655e-05,9.583087949026174e-06,0.01873587213286526,3.2770948551701393e-06,8.659357467104823e-05,0.0,0.0,0.0,4.1139633572856004e-05,6.978541800869761e-06,0.01868528440662715,1.0825666971594392e-06,4.6501393824232076e-05,0.0,0.0,0.0
0.001,0.001,0.001,0.001,40.0,6.179946684172233e-05,8.887564388665128e-06,0.01842323180271066,2.7323529946455618e-06,7.165139651751566e-05,0.0,0.0,0.0,4.830368561670184e-05,7.472676260223544e-06,0.018624808020787698,1.7557233937398837e-06,4.648966236495092e-05,0.0,0.0,0.0
0.001,0.001,0.001,0.001,41.0,7.23571908518302e-05,9.917530575573135e-06,0.018745167973242938,3.5163622667773967e-06,8.530868821023047e-05,0.0,0.0,0.0,5.321735753273787e-05,7.844961167405652e-06,0.018673109643535527,2.1860338906309945e-06,4.83894682730605e-05,0.0,0.0,0.0
0.001,0.001,0.001,0.001,42.0,6.174655698495492e-05,8.992142153711943e-06,0.01841374584801121,2.75484414976446e-06,6.792226449958339e-05,0.0,0.0,0.0,4.083203145443168e-05,7.518375788514447e-06,0.017940779380058045,1.108224754899232e-06,4.290627664811662e-05,0.0,0.0,0.0
0.001,0.001,0.001,0.001,43.0,6.147325016185003e-05,8.888330530722362e-06,0.01837242083870657,2.730401750042104e-06,6.908480326238703e-05,0.0,0.0,0.0,4.463488679936317e-05,7.528406875521651e-06,0.018175430458430286,1.3930739302879342e-06,5.000309383906089e-05,0.0,0.0,0.0
0.001,0.001,0.001,0.001,44.0,6.481836104077674e-05,9.024585565156356e-06,0.018569932707912847,2.9020260277200195e-06,8.203581447676565e-05,0.0,0.0,0.0,5.08738633087883e-05,8.036857541968417e-06,0.018457860217246835,1.907041541718799e-06,5.308729323379966e-05,0.0,0.0,0.0
0.001,0.001,0.001,0.001,45.0,5.803224044723317e-05,8.39465241793508e-06,0.018219838981350808,2.3185176979437595e-06,8.232571166050739e-05,0.0,0.0,0.0,4.553378931221182e-05,7.295886245471124e-06,0.018321751886851166,1.593766053319913e-06,3.978489763207748e-05,0.0,0.0,0.0
0.001,0.001,0.001,0.001,46.0,7.280001833625074e-05,9.591350420675831e-06,0.018924493825735023,3.3723996155346604e-06,0.00010560176928058072,0.0,0.0,0.0,5.1235478997579244e-05,7.230009628219538e-06,0.019009647437426596,2.0299700737189817e-06,4.696120117106858e-05,0.0,0.0,0.0
0.001,0.001,0.001,0.001,47.0,5.990576596248078e-05,8.542101836257526e-06,0.01844735902942479,2.5696036105067808e-06,7.220268114690549e-05,0.0,0.0,0.0,4.1862995715675764e-05,6.811695021750474e-06,0.01848470150607906,1.196960914651725e-06,4.596989052715051e-05,0.0,0.0,0.0
0.001,0.001,0.001,0.001,48.0,5.8604138320578756e-05,8.580487885418854e-06,0.018131678184009577,2.5167854385297887e-06,6.724116799673393e-05,0.0,0.0,0.0,4.9999547828856396e-05,7.946472854877622e-06,0.018266037177277483,1.9002720597764895e-06,4.7843163578961624e-05,0.0,0.0,0.0
0.001,0.001,0.001,0.001,49.0,6.257284699899855e-05,9.02108864523986e-06,0.018354573003505462,2.7757296470242667e-06,7.439887889395073e-05,0.0,0.0,0.0,4.418641419179704e-05,7.481801121061897e-06,0.01796922021532712,1.4267973665275067e-06,4.467418329682524e-05,0.0,0.0,0.0
0.001,0.001,0.001,0.001,50.0,6.873535888575732e-05,9.526445004060709e-06,0.018596066813490707,3.3007683719027075e-06,7.605162214703794e-05,0.0,0.0,0.0,4.215569829421551e-05,7.138110203700369e-06,0.0182500118289364,1.2113554294461775e-06,4.654020891975296e-05,0.0,0.0,0.0
0.001,0.001,0.001,0.001,51.0,5.673621130254562e-05,8.335264844045927e-06,0.018199280231646752,2.3565321943959997e-06,6.636343382096747e-05,0.0,0.0,0.0,4.223239798413496e-05,6.964374556550097e-06,0.01838547603724754,1.2664508978734175e-06,4.218037544119626e-05,0.0,0.0,0.0
0.001,0.001,0.001,0.001,52.0,6.397310990644045e-05,8.962085374308587e-06,0.01844466684003399,2.8223495394338057e-06,8.342861206236268e-05,0.0,0.0,0.0,4.30310907514264e-05,7.310795361047491e-06,0.01802792241039886,1.3475023093865918e-06,4.2173489899507176e-05,0.0,0.0,0.0
0.001,0.001,0.001,0.001,53.0,6.287819942122976e-05,8.961287255497403e-06,0.01830949511021784,2.838946598291496e-06,7.217950213525411e-05,0.0,0.0,0.0,5.6245288828634506e-05,8.562700424266801e-06,0.01807262696631967,2.4594805255804966e-06,5.015155265953822e-05,0.0,0.0,0.0
0.001,0.001,0.001,0.001,54.0,6.218445528916309e-05,8.920448922482266e-06,0.0183191787761096,2.7574783855813358e-06,7.370042871054017e-05,0.0,0.0,0.0,5.025992411312107e-05,8.058475243293395e-06,0.017877034406139428,1.9894804066691874e-06,4.4296094608842927e-05,0.0,0.0,0.0
0.001,0.001,0.001,0.001,55.0,6.0704514275562254e-05,8.783626960879925e-06,0.018330945764502435,2.649609189950972e-06,7.093848599425784e-05,0.0,0.0,0.0,4.454000608476738e-05,7.337429603911536e-06,0.017924927655420347,1.491701807699179e-06,4.360629694439183e-05,0.0,0.0,0.0
0.001,0.001,0.001,0.001,56.0,5.73663032922275e-05,8.369766998827165e-06,0.018095665792488072,2.436644550246842e-06,6.534424118025565e-05,0.0,0.0,0.0,4.2210218861282346e-05,7.231323537921754e-06,0.01808601756074113,1.270947217371899e-06,4.18340443469306e-05,0.0,0.0,0.0
0.001,0.001,0.001,0.001,57.0,6.053858153645872e-05,8.648590523096814e-06,0.018192612418573197,2.6016572962245977e-06,7.680804714014048e-05,0.0,0.0,0.0,4.3114853180842857e-05,7.005636088579859e-06,0.01815501859743301,1.4075029543014912e-06,3.8791679452262054e-05,0.0,0.0,0.0
0.001,0.001,0.001,0.001,58.0,6.149829112880515e-05,8.771275917511193e-06,0.018348737441377553,2.7011009576892826e-06,7.367267255562782e-05,0.0,0.0,0.0,4.064174497884924e-05,7.04598749864721e-06,0.01785563330672103,1.153892407684957e-06,4.201199323767249e-05,0.0,0.0,0.0
0.001,0.001,0.001,0.001,59.0,5.970856959566891e-05,8.494228994377865e-06,0.018263600726514104,2.5607617126204115e-06,7.343121742796025e-05,0.0,0.0,0.0,3.970433873088274e-05,6.595199932870519e-06,0.018329451495109627,1.02666896382953e-06,4.512996702871873e-05,0.0,0.0,0.0
0.001,0.001,0.001,0.001,60.0,5.4466137346241744e-05,8.124206024024728e-06,0.01794126684807207,2.2216578776669226e-06,6.184084775406818e-05,0.0,0.0,0.0,4.5261179786983484e-05,7.597962557816597e-06,0.017744912341849446,1.5921977095262862e-06,3.9963268860264256e-05,0.0,0.0,0.0
0.001,0.001,0.001,0.001,61.0,7.185461107451685e-05,9.60071516194613e-06,0.018819371714303482,3.47716228615454e-06,8.662900400808519e-05,0.0,0.0,0.0,3.874617275786182e-05,6.483707346219344e-06,0.018606516166364766,9.034364296952778e-07,4.621583926040928e-05,0.0,0.0,0.0
0.001,0.001,0.001,0.001,62.0,6.003431087842458e-05,8.48568151316916e-06,0.018180387448094207,2.609727772826328e-06,7.270963366863725e-05,0.0,0.0,0.0,4.112665144913749e-05,6.9393211570100596e-06,0.01812858127567866,1.1262750422454983e-06,4.795997636899372e-05,0.0,0.0,0.0
0.001,0.001,0.001,0.001,63.0,6.034295702168131e-05,8.596435823850174e-06,0.018033459143007184,2.6494899984796266e-06,7.21816131434515e-05,0.0,0.0,0.0,4.787173626102405e-05,7.829629037620661e-06,0.017905849215646856,1.7772165407206317e-06,4.3640917089291195e-05,0.0,0.0,0.0
0.001,0.001,0.001,0.001,64.0,5.904332654642103e-05,8.507407931420904e-06,0.01817465641795228,2.5475116085565633e-06,6.886144928892081e-05,0.0,0.0,0.0,4.23682532294496e-05,6.9456619019040705e-06,0.018227129292814698,1.3163719668393831e-06,4.031741237971194e-05,0.0,0.0,0.0
0.001,0.001,0.001,0.001,65.0,5.549949799163573e-05,8.166434184050605e-06,0.01798147354496124,2.26868275464277e-06,6.664761618704692e-05,0.0,0.0,0.0,4.43568707126954e-05,7.82073941480445e-06,0.017497738194247905,1.4900200785715536e-06,4.138191793360532e-05,0.0,0.0,0.0
0.001,0.001,0.001,0.001,66.0,6.110422842663853e-05,8.60823882556269e-06,0.017995611034571854,2.6345479030991653e-06,8.1548984853144e-05,0.0,0.0,0.0,4.896221547408803e-05,8.100974736320594e-06,0.01776357253936872,1.7340100585901898e-06,5.7575666431140114e-05,0.0,0.0,0.0
0.001,0.001,0.001,0.001,67.0,6.137680450771174e-05,8.675107934680176e-06,0.018302384872823003,2.705518845417097e-06,7.344122302536096e-05,0.0,0.0,0.0,4.242654398113455e-05,6.603916749367745e-06,0.01835409530765934,1.3301133329972899e-06,4.167397745603419e-05,0.0,0.0,0.0
0.001,0.001,0.001,0.001,68.0,5.818524601636455e-05,8.401725161624631e-06,0.01800278723920317,2.4762998596742525e-06,7.017734101770229e-05,0.0,0.0,0.0,4.2188434521922814e-05,7.238440025150223e-06,0.017780736213949717,1.2840480264528766e-06,4.3287770283093766e-05,0.0,0.0,0.0
0.001,0.001,0.001,0.001,69.0,6.149345194919834e-05,8.716003411372014e-06,0.018171502330667895,2.765181217840578e-06,6.954133212769537e-05,0.0,0.0,0.0,4.2211297021319743e-05,7.027081895904556e-06,0.018131755889822902,1.2324042379729595e-06,4.728415949821242e-05,0.0,0.0,0.0
0.001,0.001,0.001,0.001,70.0,5.7782938741237884e-05,8.362303136949711e-06,0.018063253688213488,2.3761206699153046e-06,7.596174125877677e-05,0.0,0.0,0.0,4.144392936856201e-05,6.870583630898929e-06,0.018148635892563214,1.208669899612799e-06,4.3380099197423836e-05,0.0,0.0,0.0
0.001,0.001,0.001,0.001,71.0,5.6654738229603746e-05,8.429253525573751e-06,0.018102510745666888,2.4037736083711984e-06,6.08523690913886e-05,0.0,0.0,0.0,4.33523746709165e-05,6.999107868172501e-06,0.01829505081590452,1.3536165714946727e-06,4.522049198348126e-05,0.0,0.0,0.0
0.001,0.001,0.001,0.001,72.0,5.6765859498223505e-05,8.226382761349004e-06,0.01797844092187272,2.3854305640037904e-06,6.706729192042471e-05,0.0,0.0,0.0,3.950635013255593e-05,6.884869391265533e-06,0.017821072538693746,1.086084933098449e-06,3.939557768721503e-05,0.0,0.0,0.0
0.001,0.001,0.001,0.001,73.0,5.8155234907216876e-05,8.214372077061222e-06,0.018006698204093872,2.4000675326537537e-06,7.933488381251132e-05,0.0,0.0,0.0,4.0327955324938475e-05,6.634544593268223e-06,0.018402719497680665,1.122339250519606e-06,4.067297632501908e-05,0.0,0.0,0.0
0.001,0.001,0.001,0.001,74.0,5.5469075498515616e-05,8.239525869782678e-06,0.017951626802824402,2.278780832657337e-06,6.490113394265708e-05,0.0,0.0,0.0,4.647481102670743e-05,7.696945516453188e-06,0.017668574672855743,1.7146168646910845e-06,3.963120923143414e-05,0.0,0.0,0.0
0.001,0.001,0.001,0.001,75.0,5.485957495261677e-05,8.026735130895501e-06,0.017893426202611837,2.2411925342317796e-06,6.527487274788614e-05,0.0,0.0,0.0,4.914550176081694e-05,7.972890124034315e-06,0.017530032184026014,1.9386706743338867e-06,4.255871828626863e-05,0.0,0.0,0.0
0.001,0.001,0.001,0.001,76.0,7.253678086172304e-05,9.815856013796557e-06,0.018524113066120236,3.6040316676470988e-06,8.156494026400871e-05,0.0,0.0,0.0,3.888777749544886e-05,6.279348473906619e-06,0.01859294102616506,9.520929928358164e-07,4.4945569989815266e-05,0.0,0.0,0.0
0.001,0.001,0.001,0.001,77.0,5.4583917302159235e-05,7.97772775052318e-06,0.017962587158021317,2.2196760471407914e-06,6.446840930076266e-05,0.0,0.0,0.0,4.081114230902874e-05,6.625637316121614e-06,0.01825234096072036,1.1985493952394613e-06,3.9476691522789944e-05,0.0,0.0,0.0
0.001,0.001,0.001,0.001,78.0,5.851626473257837e-05,8.371271907898637e-06,0.017972111347467387,2.490502321310711e-06,7.267857282095397e-05,0.0,0.0,0.0,3.8945284963385565e-05,6.500187837736698e-06,0.01792652639079856,1.0551810455955055e-06,3.966759225232266e-05,0.0,0.0,0.0
0.001,0.001,0.001,0.001,79.0,5.468396177051852e-05,8.126942313338824e-06,0.017832911865760203,2.2708971883350563e-06,6.01513454000049e-05,0.0,0.0,0.0,3.842878769647296e-05,6.598458960203169e-06,0.01792065077992879,9.901073809325606e-07,4.008603149420142e-05,0.0,0.0,0.0
0.001,0.001,0.001,0.001,80.0,5.440224819302614e-05,7.941884846809548e-06,0.017758543717942825,2.2208741893700374e-06,6.493076775033643e-05,0.0,0.0,0.0,4.513882617274784e-05,6.9513463102372526e-06,0.018203145989544315,1.5856701230242758e-06,4.127631701816609e-05,0.0,0.0,0.0
0.001,0.001,0.001,0.001,81.0,6.0424229072207014e-05,8.473264832855212e-06,0.01804217841323108,2.5497237673181234e-06,8.411547033213301e-05,0.0,0.0,0.0,4.226629386260493e-05,7.078093734408248e-06,0.017876448949722394,1.2926764845846488e-06,4.3849853736153895e-05,0.0,0.0,0.0
0.001,0.001,0.001,0.001,82.0,5.5239613643835714e-05,8.091304200837898e-06,0.017843729918269807,2.287831648593811e-06,6.426262183823511e-05,0.0,0.0,0.0,4.05313190924361e-05,7.003257911267997e-06,0.01776592269607875,1.1317902838996798e-06,4.444234774012882e-05,0.0,0.0,0.0
0.001,0.001,0.001,0.001,83.0,5.681199627103429e-05,8.170780020341496e-06,0.01787088670346835,2.3713950043629955e-06,7.056378617099534e-05,0.0,0.0,0.0,5.352761440689263e-05,7.659530578889208e-06,0.01818078137968229,2.1849821306914982e-06,5.837480105022734e-05,0.0,0.0,0.0
0.001,0.001,0.001,0.001,84.0,5.514313688713815e-05,7.977163802095333e-06,0.017933742512170583,2.2002521587870167e-06,7.229707876715243e-05,0.0,0.0,0.0,4.3543226029256096e-05,7.497256393273271e-06,0.01730714636850575,1.4849974840337764e-06,3.88884737701231e-05,0.0,0.0,0.0
0.001,0.001,0.001,0.001,85.0,5.791486615552163e-05,8.313374213577189e-06,0.017995830684492033,2.4691750090502065e-06,6.913910215185237e-05,0.0,0.0,0.0,3.874873057258694e-05,6.1448827072537875e-06,0.018359439158004167,1.000104631040738e-06,4.2433614624348166e-05,0.0,0.0,0.0
0.001,0.001,0.001,0.001,86.0,5.26203621459538e-05,7.88391291064324e-06,0.01778243524775113,2.1049409090895483e-06,5.904603910276159e-05,0.0,0.0,0.0,3.89943706652056e-05,6.111279929606414e-06,0.018280402239599185,1.054335278938309e-06,4.0593348094677475e-05,0.0,0.0,0.0
0.001,0.001,0.001,0.001,87.0,5.6289707702004085e-05,8.154008566435388e-06,0.017903790792373763,2.3078806441234305e-06,7.153100972780804e-05,0.0,0.0,0.0,7.24014580849405e-05,9.225684157774686e-06,0.018209577445025858,3.972727814745094e-06,5.238917367397297e-05,0.0,0.0,0.0
0.001,0.001,0.001,0.001,88.0,5.7940234176439264e-05,8.28504583433355e-06,0.018012711023358993,2.4386409436831204e-06,7.256066766490948e-05,0.0,0.0,0.0,4.887137719914827e-05,7.447758388517373e-06,0.017954504451795257,1.8887072924350986e-06,4.5820404676932865e-05,0.0,0.0,0.0
0.001,0.001,0.001,0.001,89.0,5.252879195951338e-05,7.793779335621017e-06,0.01769096781333832,2.092639173493293e-06,6.117652169662394e-05,0.0,0.0,0.0,4.924469728971147e-05,7.470408697733783e-06,0.017689166999843024,1.985410405669099e-06,4.231016362377242e-05,0.0,0.0,0.0
0.001,0.001,0.001,0.001,90.0,6.023855805548533e-05,8.34259815331624e-06,0.018116663665804146,2.595354048468199e-06,7.82575454332929e-05,0.0,0.0,0.0,3.8930655900414475e-05,6.754325173734624e-06,0.017710341460084263,9.95614709526013e-07,4.5098411350301174e-05,0.0,0.0,0.0
0.001,0.001,0.001,0.001,91.0,6.222231363089326e-05,8.590465111153113e-06,0.018368242779687113,2.7181718162493164e-06,8.081886532630188e-05,0.0,0.0,0.0,3.8759072088491866e-05,6.412571606337365e-06,0.01820492214808181,1.0119862074474831e-06,4.021715197770856e-05,0.0,0.0,0.0
0.001,0.001,0.001,0.001,92.0,5.29271322835426e-05,7.897810286040404e-06,0.017730404059636537,2.156003378898538e-06,5.738883161567468e-05,0.0,0.0,0.0,3.980426211601132e-05,6.557872678901677e-06,0.01807026228948271,1.0971816694412459e-06,4.204309615268349e-05,0.0,0.0,0.0
0.001,0.001,0.001,0.001,93.0,6.631797035323077e-05,8.791303630895938e-06,0.018221751397058845,2.9201413712430684e-06,0.00010103500480514604,0.0,0.0,0.0,4.067169962723029e-05,6.500760835013884e-06,0.018483098511282166,1.1035071548829855e-06,4.6527677898346524e-05,0.0,0.0,0.0
0.001,0.001,0.001,0.001,94.0,5.656493945577773e-05,8.101188007512393e-06,0.017983987872322946,2.4001302314275367e-06,6.47846010707787e-05,0.0,0.0,0.0,3.9507441007910664e-05,6.64505517119797e-06,0.01819186016032685,1.043361361341452e-06,4.236911212601252e-05,0.0,0.0,0.0
0.001,0.001,0.001,0.001,95.0,5.489783183475914e-05,7.96309336555455e-06,0.017980501590526266,2.2434222155664027e-06,6.520013767508047e-05,0.0,0.0,0.0,3.887600214943528e-05,6.702372764548729e-06,0.017787316743641684,1.0454065301168507e-06,3.9322463107632484e-05,0.0,0.0,0.0
0.001,0.001,0.001,0.001,96.0,5.435355706140399e-05,7.961579782810683e-06,0.017802659697048195,2.190792682139873e-06,6.681389737155295e-05,0.0,0.0,0.0,4.271238089164881e-05,5.946818841637227e-06,0.018736949867853837,1.3040982078452282e-06,4.9876291720536414e-05,0.0,0.0,0.0
0.001,0.001,0.001,0.001,97.0,5.576855033042322e-05,8.161647213011216e-06,0.017850448805583667,2.3102379003369745e-06,6.654074537486663e-05,0.0,0.0,0.0,4.150551697026649e-05,6.484475987352065e-06,0.018204504028302895,1.2695752440743918e-06,4.1207836043317144e-05,0.0,0.0,0.0
0.001,0.001,0.001,0.001,98.0,5.665217353295233e-05,8.10995311618487e-06,0.0177457907013425,2.4105127568898205e-06,6.691301191432565e-05,0.0,0.0,0.0,3.958271635370967e-05,7.290858054426222e-06,0.01728114358910687,1.123807752725815e-06,3.772636157333331e-05,0.0,0.0,0.0
0.001,0.001,0.001,0.001,99.0,5.979326903353845e-05,8.375947519243917e-06,0.01811158831805399,2.570501270346453e-06,7.600719608010516e-05,0.0,0.0,0.0,4.33211513001846e-05,6.726793302956662e-06,0.01819412205317249,1.3859848467162418e-06,4.5403865671654306e-05,0.0,0.0,0.0
0.001,0.001,0.001,0.001,100.0,5.4837936511158e-05,7.904600670745784e-06,0.017815761766885513,2.2487163347586704e-06,6.630409801956587e-05,0.0,0.0,0.0,3.765917344595046e-05,6.5380751244887525e-06,0.017783199638536532,8.879260969653643e-07,4.4586367210153076e-05,0.0,0.0,0.0
0.001,0.001,0.001,0.001,101.0,5.519113942213169e-05,7.913852327189103e-06,0.017907251894610114,2.1633461045329566e-06,7.736573195445056e-05,0.0,0.0,0.0,4.0040043356496686e-05,6.787281406466045e-06,0.017755199926628915,1.1498425072237778e-06,3.9991358970252046e-05,0.0,0.0,0.0
0.001,0.001,0.001,0.001,102.0,5.001793748281309e-05,7.534216445442512e-06,0.017559545526629715,1.8520924690576117e-06,6.403249772396205e-05,0.0,0.0,0.0,5.128348336584832e-05,6.8552288356753806e-06,0.018740856391654168,2.0107610078943685e-06,5.579786976478031e-05,0.0,0.0,0.0
0.001,0.001,0.001,0.001,103.0,6.1016531583276834e-05,8.61204842934236e-06,0.018085543929373837,2.6921927131663166e-06,7.397011088759423e-05,0.0,0.0,0.0,4.18327205557138e-05,7.0973115544723665e-06,0.01755537308786558,1.288133578151188e-06,4.2986992228669634e-05,0.0,0.0,0.0
0.001,0.001,0.001,0.001,104.0,5.658035430622385e-05,8.077249502376165e-06,0.01793295319153838,2.3669237648090486e-06,6.900912925758851e-05,0.0,0.0,0.0,3.9223849451271435e-05,6.292783678482716e-06,0.017989995226468124,1.09315139446373e-06,4.00955569097128e-05,0.0,0.0,0.0
0.001,0.001,0.001,0.001,105.0,5.517570716121604e-05,7.996933503046135e-06,0.017796002129713693,2.243306403028801e-06,6.949706575557339e-05,0.0,0.0,0.0,3.896964920182887e-05,6.676968292744626e-06,0.017802896709202633,9.971587765804007e-07,4.5181955182956764e-05,0.0,0.0,0.0
0.001,0.001,0.001,0.001,106.0,5.415960379887359e-05,7.886522678197488e-06,0.017841946058077356,2.1598294931580926e-06,6.832839110431044e-05,0.0,0.0,0.0,3.969021734768805e-05,6.419905478248508e-06,0.01810821209324005,1.0786385134190213e-06,4.375713671119785e-05,0.0,0.0,0.0
0.001,0.001,0.001,0.001,107.0,5.6499332078194596e-05,8.025827078012772e-06,0.01780235990065418,2.279801085769245e-06,7.873133263305359e-05,0.0,0.0,0.0,5.2686829484582424e-05,7.620690024742797e-06,0.018099998899790793,2.2457661640088255e-06,4.50847790109627e-05,0.0,0.0,0.0
0.001,0.001,0.001,0.001,108.0,5.0051822469274184e-05,7.533408129825251e-06,0.017635766605263975,1.8833311563188022e-06,6.0493351636886965e-05,0.0,0.0,0.0,4.2021877534228236e-05,6.770326671685989e-06,0.017799702836498277,1.3344255010402054e-06,4.107592099998864e-05,0.0,0.0,0.0
0.001,0.001,0.001,0.001,109.0,5.853598551467469e-05,8.210809266869936e-06,0.017948979402649893,2.463206655417321e-06,7.744129175707255e-05,0.0,0.0,0.0,3.989176566342581e-05,6.1636343822956985e-06,0.018478106219474582,1.0746784070375127e-06,4.503239750757534e-05,0.0,0.0,0.0
0.001,0.001,0.001,0.001,110.0,5.1391674573113294e-05,7.682131995580805e-06,0.017773423967160046,1.9814052650967847e-06,6.122065110849943e-05,0.0,0.0,0.0,4.094423703343255e-05,6.771465383638037e-06,0.01775724233285477,1.1734865813079655e-06,4.680662429601485e-05,0.0,0.0,0.0
0.001,0.001,0.001,0.001,111.0,5.816767824062606e-05,8.160376403473858e-06,0.017772227970024222,2.42093062177583e-06,8.025766657746437e-05,0.0,0.0,0.0,3.913946424240935e-05,6.5124843370054584e-06,0.017856735339447788,1.0615243751987056e-06,4.154999844768639e-05,0.0,0.0,0.0
0.001,0.001,0.001,0.001,112.0,5.5111084660577913e-05,8.205048907506327e-06,0.018087776289002537,2.2520497950442724e-06,6.297760490274019e-05,0.0,0.0,0.0,4.092624324871457e-05,6.8848103457066706e-06,0.017772813736031588,1.173805387524014e-06,4.53056441935616e-05,0.0,0.0,0.0
0.001,0.001,0.001,0.001,113.0,5.363683758017003e-05,7.847974951194676e-06,0.017846658297189295,2.113323188964241e-06,6.808971563043594e-05,0.0,0.0,0.0,4.4460102472428795e-05,7.03238387890883e-06,0.017873697893260276,1.53783318284579e-06,4.1756878834423506e-05,0.0,0.0,0.0
0.001,0.001,0.001,0.001,114.0,6.214467813056196e-05,8.749029436899555e-06,0.018156052482182578,2.7938988161828117e-06,7.300607230599656e-05,0.0,0.0,0.0,3.8545445085090655e-05,5.782829328415146e-06,0.018518515299988665,9.882216593279204e-07,4.361882916242751e-05,0.0,0.0,0.0
0.001,0.001,0.001,0.001,115.0,5.3721200347188054e-05,7.818750393165347e-06,0.01770941410775054,2.166676664288372e-06,6.526268297231797e-05,0.0,0.0,0.0,3.948821280615141e-05,6.183310573071148e-06,0.018312436946450846,1.0501603018586816e-06,4.4908612096761525e-05,0.0,0.0,0.0
0.001,0.001,0.001,0.001,116.0,5.266929335228261e-05,7.813267216141405e-06,0.017784402000305316,2.095454564634781e-06,6.117077541189848e-05,0.0,0.0,0.0,4.405924857415463e-05,7.182599206669809e-06,0.017426800311428226,1.4977971213365017e-06,4.47187705156707e-05,0.0,0.0,0.0
0.001,0.001,0.001,0.001,117.0,6.348505607549926e-05,8.728821203351812e-06,0.018242818651270105,2.8924932430485875e-06,7.588482772250357e-05,0.0,0.0,0.0,4.0553271415383986e-05,6.287126475918536e-06,0.018261191137305132,1.070460468044528e-06,5.30034809762832e-05,0.0,0.0,0.0
0.001,0.001,0.001,0.001,118.0,5.411838479464997e-05,7.808751608087595e-06,0.017905387212968853,2.193344305588823e-06,6.470801942880713e-05,0.0,0.0,0.0,3.9842825456837096e-05,6.553789307166648e-06,0.017701184278753796,1.058932316544536e-06,4.998527876498522e-05,0.0,0.0,0.0
0.001,0.001,0.001,0.001,119.0,5.612944007200534e-05,7.938906723934016e-06,0.01776320357096794,2.2371877210360287e-06,8.055451796654742e-05,0.0,0.0,0.0,4.009273992404852e-05,6.507292263487303e-06,0.01798017894840676,1.1348107202063883e-06,4.257160773721139e-05,0.0,0.0,0.0
0.001,0.001,0.001,0.001,120.0,5.413671639244515e-05,7.852949719932797e-06,0.017636113880567898,2.1704584500668682e-06,6.943067308077026e-05,0.0,0.0,0.0,4.109608400166545e-05,6.815737688655595e-06,0.017786338677689365,1.2064597656086275e-06,4.4294089393463775e-05,0.0,0.0,0.0
0.001,0.001,0.001,0.001,121.0,5.348114793884704e-05,7.751650161260832e-06,0.01778862959718051,2.0795046212659966e-06,7.14582101725217e-05,0.0,0.0,0.0,3.895947397112438e-05,6.446080318145501e-06,0.017752237774465725,9.450868626562246e-07,5.310286423078136e-05,0.0,0.0,0.0
0.001,0.001,0.001,0.001,122.0,6.28700432827171e-05,8.778608372188721e-06,0.01822319657086782,2.8278148631286627e-06,7.590088815415425e-05,0.0,0.0,0.0,3.799305374512968e-05,5.924171087976341e-06,0.018374934917715587,9.12056061367852e-07,4.573386204837953e-05,0.0,0.0,0.0
0.001,0.001,0.001,0.001,123.0,5.4920027968734204e-05,7.83949181395365e-06,0.01783648403744175,2.219148969176524e-06,7.052561351719883e-05,0.0,0.0,0.0,4.066959023475647e-05,6.6512566180495744e-06,0.017928943560548024,1.1196806315546876e-06,4.89258277681805e-05,0.0,0.0,0.0
0.001,0.001,0.001,0.001,124.0,5.9701629167345044e-05,8.427186163217275e-06,0.01798329624343136,2.5654354885046737e-06,7.636790813966686e-05,0.0,0.0,0.0,4.126712196925442e-05,6.318726377789203e-06,0.01849277652017602,1.2153702337111688e-06,4.301915575445712e-05,0.0,0.0,0.0
0.001,0.001,0.001,0.001,125.0,5.390444427256081e-05,7.860455866253879e-06,0.017768676917166472,2.1869627384040793e-06,6.405683130281985e-05,0.0,0.0,0.0,3.904807745196248e-05,6.151968997264744e-06,0.01820264893035366,9.946814868757653e-07,4.746643855436078e-05,0.0,0.0,0.0
0.001,0.001,0.001,0.001,126.0,5.278508731663189e-05,7.755449062156688e-06,0.01772224047548695,2.063774731977984e-06,6.669649647435967e-05,0.0,0.0,0.0,4.0811072186073585e-05,6.585489718916456e-06,0.017747472873017124,1.1264167276492022e-06,5.2139411725285386e-05,0.0,0.0,0.0
0.001,0.001,0.001,0.001,127.0,5.534986911469658e-05,8.00071318054635e-06,0.017728761037190757,2.2485917155817952e-06,7.13447678950391e-05,0.0,0.0,0.0,4.101996667274873e-05,6.753981639894223e-06,0.017853753392554853,1.255847639443441e-06,3.8537543019944705e-05,0.0,0.0,0.0
0.001,0.001,0.001,0.001,128.0,5.090611939904276e-05,7.646524604814197e-06,0.017647254220018647,1.9776356013720294e-06,5.8359836532116745e-05,0.0,0.0,0.0,4.071644851810312e-05,6.7243999404886945e-06,0.017625991152301772,1.1795843078056616e-06,4.570213428451098e-05,0.0,0.0,0.0
0.001,0.001,0.001,0.001,129.0,5.1320628888987974e-05,7.575608169354714e-06,0.017588110536881234,1.90881382676807e-06,7.068771003314935e-05,0.0,0.0,0.0,3.892995829090102e-05,6.65183488890097e-06,0.017487596058410052,1.040232891724065e-06,4.3881974141011795e-05,0.0,0.0,0.0
0.001,0.001,0.001,0.001,130.0,5.4675795372573394e-05,7.97115538656535e-06,0.017677339980183126,2.2457539600797965e-06,6.569759543581977e-05,0.0,0.0,0.0,4.561965993805427e-05,7.223010896550934e-06,0.017486428953196905,1.503230830154554e-06,5.8779107899706464e-05,0.0,0.0,0.0
0.001,0.001,0.001,0.001,131.0,5.7775491948125745e-05,8.110685259752032e-06,0.01780441719919579,2.3079707767562747e-06,8.780680718634304e-05,0.0,0.0,0.0,3.952174935995954e-05,6.698037644015778e-06,0.017746932844048765,1.077112231346644e-06,4.30565558625231e-05,0.0,0.0,0.0
0.001,0.001,0.001,0.001,132.0,5.135463721921017e-05,7.579238920793635e-06,0.01750664124477944,2.0274813388593043e-06,5.9939425829172884e-05,0.0,0.0,0.0,4.017598441691397e-05,6.549008558150785e-06,0.017880111930032843,1.1402273843461992e-06,4.34458900807213e-05,0.0,0.0,0.0
0.001,0.001,0.001,0.001,133.0,5.363232505584314e-05,7.794256209441409e-06,0.017848696439913964,2.070150998184279e-06,7.28786137725452e-05,0.0,0.0,0.0,4.3574158000211195e-05,6.88623221068575e-06,0.01778396614338165,1.4644806291986433e-06,4.259152444871967e-05,0.0,0.0,0.0
0.001,0.001,0.001,0.001,134.0,5.691390146289263e-05,8.189352410804261e-06,0.017857626779983034,2.3833753355680926e-06,7.033167937656613e-05,0.0,0.0,0.0,4.4680683917183105e-05,6.646055410048376e-06,0.01819821780675078,1.531054034345272e-06,4.525869662208843e-05,0.0,0.0,0.0
0.001,0.001,0.001,0.001,135.0,5.555695851469523e-05,7.902175619987347e-06,0.017718326309228052,2.217466917074456e-06,7.761786566269823e-05,0.0,0.0,0.0,4.1603397032603214e-05,6.923624707070141e-06,0.01753997935007696,1.3326708291085559e-06,3.8130837529564455e-05,0.0,0.0,0.0
0.001,0.001,0.001,0.001,136.0,5.140426368880528e-05,7.66487325335091e-06,0.0176426676507682,2.015314513632034e-06,5.943576745848322e-05,0.0,0.0,0.0,4.0190435239522116e-05,6.297100710785697e-06,0.018164862603901728,1.09706757690244e-06,4.7577951622998754e-05,0.0,0.0,0.0
0.001,0.001,0.001,0.001,137.0,4.9801483368538277e-05,7.439768534789864e-06,0.01746243258861646,1.8915948225990946e-06,5.9833331280521496e-05,0.0,0.0,0.0,4.158483870267936e-05,6.769599201177357e-06,0.017447960229769147,1.3094956624602312e-06,4.2723218517394714e-05,0.0,0.0,0.0
0.001,0.001,0.001,0.001,138.0,5.8254604303590595e-05,8.225540291506278e-06,0.0177941495105284,2.459012588147727e-06,7.644787599264788e-05,0.0,0.0,0.0,3.9321890299646484e-05,6.678435453051621e-06,0.01759419494023606,1.0810508328712823e-06,4.2387507036267186e-05,0.0,0.0,0.0
0.001,0.001,0.001,0.001,139.0,7.483429638852289e-05,9.661102604824511e-06,0.0187522817882773,3.565343408866088e-06,0.0001076747694749628,0.0,0.0,0.0,3.885534750116929e-05,6.473553904516146e-06,0.018268773365238487,9.507076897929246e-07,4.6059425748764674e-05,0.0,0.0,0.0
0.001,0.001,0.001,0.001,140.0,5.581861871311156e-05,7.856624651800328e-06,0.017913138496957415,2.2086098741234626e-06,7.962755981239735e-05,0.0,0.0,0.0,3.8906249906612585e-05,6.529652555691095e-06,0.01792819114308379,9.96665405356708e-07,4.4817513694127405e-05,0.0,0.0,0.0
0.001,0.001,0.001,0.001,141.0,5.095235260852536e-05,7.454080233696187e-06,0.01770687407010222,1.9011007233390985e-06,6.780390172658687e-05,0.0,0.0,0.0,3.770653228062847e-05,6.258549928794334e-06,0.01792976196498087,9.080728028642973e-07,4.4374914782669434e-05,0.0,0.0,0.0
0.001,0.001,0.001,0.001,142.0,5.8415607295023516e-05,8.212357360078793e-06,0.017931152957759492,2.4913700268074095e-06,7.35839569367924e-05,0.0,0.0,0.0,4.0936569893758184e-05,6.6990423115655e-06,0.017565420400606442,1.1169508888582076e-06,5.502597299884456e-05,0.0,0.0,0.0
0.001,0.001,0.001,0.001,143.0,5.001175404246152e-05,7.4562648704524536e-06,0.017497629191913562,1.8794512748920096e-06,6.263346287137604e-05,0.0,0.0,0.0,4.084609021522003e-05,6.541952805566499e-06,0.017875860649156788,1.2264981778903617e-06,4.163293891640717e-05,0.0,0.0,0.0
0.001,0.001,0.001,0.001,144.0,5.19094604274022e-05,7.521738367840663e-06,0.01779816779031601,1.966246048641759e-06,6.927092761107403e-05,0.0,0.0,0.0,4.415798212027339e-05,6.286172025101302e-06,0.018089332074335177,1.4650085902916103e-06,5.1323910604600373e-05,0.0,0.0,0.0
0.001,0.001,0.001,0.001,145.0,5.2850078848524434e-05,7.729535509289863e-06,0.017585710551776844,2.0046159671462553e-06,7.488672174286506e-05,0.0,0.0,0.0,3.877218147169918e-05,6.713217576050314e-06,0.017450134095535974,1.053860185526473e-06,4.070226967328235e-05,0.0,0.0,0.0
0.001,0.001,0.001,0.001,146.0,5.133665023003726e-05,7.57314935341859e-06,0.017447439391319066,1.9662863136852957e-06,6.653197368427651e-05,0.0,0.0,0.0,4.1240686975997876e-05,6.7584754025497685e-06,0.017403927205904432,1.1852858658865644e-06,5.225424816389475e-05,0.0,0.0,0.0
0.001,0.001,0.001,0.001,147.0,5.683720636181002e-05,8.225909682820933e-06,0.017793895707691097,2.320187015915649e-06,7.615529822767912e-05,0.0,0.0,0.0,4.412581513159521e-05,7.4057308353641024e-06,0.01746160097318153,1.462580204220913e-06,4.6326802631446214e-05,0.0,0.0,0.0
0.001,0.001,0.001,0.001,148.0,5.28757342956822e-05,7.773379582672387e-06,0.01754246322735804,2.1181006041369485e-06,6.378884494307016e-05,0.0,0.0,0.0,3.9653465777452714e-05,6.479372904443535e-06,0.01778938469277125,1.1111935632200762e-06,4.272771605947834e-05,0.0,0.0,0.0
0.001,0.001,0.001,0.001,149.0,6.466003905367277e-05,8.859993629887133e-06,0.01805949863845899,2.9947936349195166e-06,7.792609643881102e-05,0.0,0.0,0.0,3.920926552714533e-05,6.459747685571881e-06,0.018033829810412506,1.053145310232048e-06,4.184234057669794e-05,0.0,0.0,0.0
0.001,0.001,0.001,0.001,150.0,5.072520071556622e-05,7.488213985646462e-06,0.017502029140109884,1.9314566266210387e-06,6.420390247508688e-05,0.0,0.0,0.0,4.157183983694915e-05,6.640898071752529e-06,0.0176771873698387,1.264267827607569e-06,4.6110752534319816e-05,0.0,0.0,0.0
0.001,0.001,0.001,0.001,151.0,5.688449045014355e-05,8.001148508482647e-06,0.017787415240997594,2.420711075413208e-06,6.888814875098546e-05,0.0,0.0,0.0,3.8527323886726615e-05,6.785724022955693e-06,0.017354240439253855,1.0344690792291791e-06,4.042667481516962e-05,0.0,0.0,0.0
0.001,0.001,0.001,0.001,152.0,5.109848738124394e-05,7.608467369051581e-06,0.017669791517328455,1.972214297090959e-06,6.09808450835813e-05,0.0,0.0,0.0,3.941609498674739e-05,6.9127075964708274e-06,0.01731031782550899,1.1236017690368153e-06,3.957050874147611e-05,0.0,0.0,0.0
0.001,0.001,0.001,0.001,153.0,5.2297196510331876e-05,7.724683399824638e-06,0.017542135678742028,2.0783533997282534e-06,6.246842513232816e-05,0.0,0.0,0.0,4.229992578660891e-05,7.045154461635013e-06,0.017448816699524448,1.3038757765051945e-06,4.76719582191635e-05,0.0,0.0,0.0
0.001,0.001,0.001,0.001,154.0,5.3212620186636474e-05,7.914129212842461e-06,0.01758209823269278,2.1309267495141106e-06,6.407124285656147e-05,0.0,0.0,0.0,4.1935512143268025e-05,6.844116332722811e-06,0.017545787441676067,1.213191103177027e-06,5.413696437053617e-05,0.0,0.0,0.0
0.001,0.001,0.001,0.001,155.0,5.1720853261442296e-05,7.597554266375312e-06,0.017601950466292635,1.9925213180584284e-06,6.59613428628224e-05,0.0,0.0,0.0,3.876413080732861e-05,6.5726364271573885e-06,0.017455370861645704,1.0167761479663082e-06,4.568361080227115e-05,0.0,0.0,0.0
0.001,0.001,0.001,0.001,156.0,5.503403506155092e-05,7.9105349795677e-06,0.017562283804835793,2.251267919507375e-06,7.048536152273067e-05,0.0,0.0,0.0,3.975467628812137e-05,6.4405493853405355e-06,0.017646940783278584,1.1110360151490083e-06,4.5568251099049954e-05,0.0,0.0,0.0
0.001,0.001,0.001,0.001,157.0,5.5527109564382996e-05,7.904458150268133e-06,0.017666687520399484,2.2566052038840276e-06,7.389910882416376e-05,0.0,0.0,0.0,4.4981906994258705e-05,7.08842365728738e-06,0.017939810282019176,1.5109953507971068e-06,4.843718391372296e-05,0.0,0.0,0.0
0.001,0.001,0.001,0.001,158.0,5.055720726712224e-05,7.513373961935184e-06,0.017535758795531372,1.9342223531535414e-06,6.165850131418412e-05,0.0,0.0,0.0,3.951114296198708e-05,6.5083103510258785e-06,0.017437031756253003,1.0537757326309388e-06,5.028042533993017e-05,0.0,0.0,0.0
0.001,0.001,0.001,0.001,159.0,5.431087340093239e-05,7.859723033464156e-06,0.0177448881495761,2.153069512782724e-06,7.175566202261104e-05,0.0,0.0,0.0,3.921430202341345e-05,6.72350766887563e-06,0.017394461718868447,1.084661912272039e-06,4.249712475615375e-05,0.0,0.0,0.0
0.001,0.001,0.001,0.001,160.0,5.180678189095305e-05,7.715999281863001e-06,0.017533025891269177,2.06449362815783e-06,5.9128198135524196e-05,0.0,0.0,0.0,3.9606718548475745e-05,6.147812291186145e-06,0.01794110650885595,1.1336168076570059e-06,4.181630825786001e-05,0.0,0.0,0.0
0.001,0.001,0.001,0.001,161.0,4.886460344606934e-05,7.3555539319340616e-06,0.017414258679026337,1.8166606240371022e-06,5.928183743946323e-05,0.0,0.0,0.0,4.4651361385394384e-05,7.073780019809046e-06,0.017413760284854942,1.4885742054241136e-06,5.278078143980054e-05,0.0,0.0,0.0
0.001,0.001,0.001,0.001,162.0,5.521454556712766e-05,8.005931752753288e-06,0.017614106319538535,2.2955335479149837e-06,6.639171035456947e-05,0.0,0.0,0.0,3.97977844618482e-05,6.443047627913511e-06,0.01794111121735072,1.0726434662152713e-06,4.687189903500576e-05,0.0,0.0,0.0
0.001,0.001,0.001,0.001,163.0,5.220773212556391e-05,7.59702544404485e-06,0.017531689365296605,2.0018917237883954e-06,7.060099179551753e-05,0.0,0.0,0.0,4.3155912567168204e-05,6.8429838893903186e-06,0.01755222113165137,1.4250294737821896e-06,4.510411905341002e-05,0.0,0.0,0.0
0.001,0.001,0.001,0.001,164.0,5.3528685349445855e-05,7.815853576042974e-06,0.01759247756167634,2.1482232100777883e-06,6.638121221069894e-05,0.0,0.0,0.0,4.3993241070731455e-05,6.515904065656378e-06,0.017721519758712213,1.1985727351160983e-06,7.770088779837447e-05,0.0,0.0,0.0
0.001,0.001,0.001,0.001,165.0,5.418757588900817e-05,7.694151552466992e-06,0.017571458498772966,2.0643455947925783e-06,8.278508935046006e-05,0.0,0.0,0.0,4.506074337046338e-05,6.660898495146571e-06,0.017848971614010258,1.6267721205468706e-06,4.2831512664841565e-05,0.0,0.0,0.0
0.001,0.001,0.001,0.001,166.0,5.028731717922635e-05,7.44718348155049e-06,0.017506526988254834,1.9051296236818196e-06,6.282309406597217e-05,0.0,0.0,0.0,4.185743122276548e-05,6.373991387615567e-06,0.018093549701721157,1.3126391687659818e-06,4.263497457650706e-05,0.0,0.0,0.0
0.001,0.001,0.001,0.001,167.0,5.0636304259490535e-05,7.495649300769347e-06,0.01756357630298018,1.940036459895611e-06,6.176713191202347e-05,0.0,0.0,0.0,3.858193395538128e-05,6.307525617803009e-06,0.017610397496724238,1.0626091112565573e-06,4.0379187403024564e-05,0.0,0.0,0.0
0.001,0.001,0.001,0.001,168.0,5.163198679161458e-05,7.715220621337962e-06,0.017453647595426263,2.0109103294508885e-06,6.354014420073273e-05,0.0,0.0,0.0,4.316997636198895e-05,6.789246724347571e-06,0.017761816191891013,1.4288006958887396e-06,4.330905608920347e-05,0.0,0.0,0.0
0.001,0.001,0.001,0.001,169.0,5.009716519058393e-05,7.511667489069785e-06,0.017432836132915054,1.9299753588261014e-06,5.8529071584603555e-05,0.0,0.0,0.0,3.9552155662578906e-05,6.1002768633688366e-06,0.01791688887495973,1.0704528919121328e-06,4.830460000041523e-05,0.0,0.0,0.0
0.001,0.001,0.001,0.001,170.0,5.1601093161965985e-05,7.6237168525131394e-06,0.017441352559551256,1.9943843112606916e-06,6.592179721703202e-05,0.0,0.0,0.0,4.672677906816953e-05,6.9740002627482375e-06,0.017817836025534155,1.6840725569237878e-06,5.094216568670254e-05,0.0,0.0,0.0
0.001,0.001,0.001,0.001,171.0,5.196000921864756e-05,7.64830365377868e-06,0.017655659630962703,2.0604020195155106e-06,6.052024886930127e-05,0.0,0.0,0.0,3.888364556749441e-05,6.408443859566777e-06,0.017708806006331422,1.037228533497918e-06,4.39410953374414e-05,0.0,0.0,0.0
0.001,0.001,0.001,0.001,172.0,6.62559667813749e-05,8.873839690347339e-06,0.01806810119720899,3.0855665083184926e-06,8.45835971061675e-05,0.0,0.0,0.0,3.7970269206787996e-05,6.837766821462699e-06,0.017410727230381205,9.158323545926001e-07,4.5634507187392315e-05,0.0,0.0,0.0
0.001,0.001,0.001,0.001,173.0,5.0254390601836334e-05,7.458950549916398e-06,0.01762767532576709,1.8862142693338583e-06,6.305621247644909e-05,0.0,0.0,0.0,3.7407121465851865e-05,6.472532550770296e-06,0.01753482623731709,8.871508174764974e-07,4.5282535467120884e-05,0.0,0.0,0.0
0.001,0.001,0.001,0.001,174.0,5.232521643241246e-05,7.62659832891013e-06,0.01756184021563835,1.9934082480409148e-06,7.202694378138321e-05,0.0,0.0,0.0,3.8314864887817675e-05,6.556119981113413e-06,0.01759397972664332,9.81361350136571e-07,4.351150772346797e-05,0.0,0.0,0.0
0.001,0.001,0.001,0.001,175.0,5.225196716837589e-05,7.727087198474369e-06,0.017601576700602493,2.0592417726704266e-06,6.330884615046305e-05,0.0,0.0,0.0,3.751078366725089e-05,6.303458627271913e-06,0.017714043912822254,9.464663758309272e-07,4.028616422753354e-05,0.0,0.0,0.0
0.001,0.001,0.001,0.001,176.0,6.084178715915585e-05,8.51913163208931e-06,0.018071303554729783,2.6622012078862357e-06,7.629339027140994e-05,0.0,0.0,0.0,3.8952762069665404e-05,6.380359960887921e-06,0.01792748931880411,9.503986924979995e-07,5.140924941799279e-05,0.0,0.0,0.0
0.001,0.001,0.001,0.001,177.0,5.146501736609652e-05,7.6239336558667355e-06,0.01755380450318393,2.0169943882262475e-06,6.117334329556054e-05,0.0,0.0,0.0,4.034598377643825e-05,6.690952248715043e-06,0.017584737942099027,1.2051595411853192e-06,4.018697293298056e-05,0.0,0.0,0.0
0.001,0.001,0.001,0.001,178.0,6.248311192335744e-05,8.704677372851242e-06,0.01815519522790495,2.7772529388421056e-06,7.850709157677656e-05,0.0,0.0,0.0,3.7463497523044034e-05,6.615994819405395e-06,0.01781348179736638,8.813851610330155e-07,4.2201683916731344e-05,0.0,0.0,0.0
0.001,0.001,0.001,0.001,179.0,5.551713230019248e-05,7.873344695833182e-06,0.017897633927870013,2.214820594405229e-06,7.597946736325671e-05,0.0,0.0,0.0,3.8133896589619384e-05,6.141683717867462e-06,0.018164743402777198,8.917834807792519e-07,4.909633744393606e-05,0.0,0.0,0.0
0.001,0.001,0.001,0.001,180.0,4.993099601674595e-05,7.451205239297007e-06,0.017509014366288163,1.8469470252705223e-06,6.501305125853733e-05,0.0,0.0,0.0,3.930076373343411e-05,6.291371948015557e-06,0.017746084612798474,1.0498654975400483e-06,4.764651251755585e-05,0.0,0.0,0.0
0.001,0.001,0.001,0.001,181.0,5.519296188206735e-05,7.77855148550841e-06,0.017509408631281222,2.2229709788688395e-06,7.675291131543991e-05,0.0,0.0,0.0,4.4360120491588226e-05,7.0684211992830906e-06,0.017599532884549875,1.4273067181960512e-06,5.419098267733525e-05,0.0,0.0,0.0
0.001,0.001,0.001,0.001,182.0,6.374575193776307e-05,8.487928948499641e-06,0.018245135029973505,2.7920319080522986e-06,9.092367927312966e-05,0.0,0.0,0.0,3.818855167485637e-05,6.0396000557391985e-06,0.018175567717857014,9.21228586539406e-07,4.7610969441229495e-05,0.0,0.0,0.0
0.001,0.001,0.001,0.001,183.0,5.1808521939206606e-05,7.631293153102572e-06,0.0177402065653507,1.983900391539493e-06,6.59801739458571e-05,0.0,0.0,0.0,3.663368867582654e-05,6.298174599603405e-06,0.017584388188031166,8.759847479023477e-07,3.9912775109146484e-05,0.0,0.0,0.0
0.001,0.001,0.001,0.001,184.0,5.1465345630725235e-05,7.606270851387449e-06,0.017641455703266137,2.0058934852764217e-06,6.158683235535385e-05,0.0,0.0,0.0,4.26058777072148e-05,6.752406702388597e-06,0.017555662037030746,1.3897555352525666e-06,4.400252664949985e-05,0.0,0.0,0.0
0.001,0.001,0.001,0.001,185.0,5.9445202684180906e-05,8.31631060468286e-06,0.017680855670339984,2.4807893549360127e-06,8.640141797289675e-05,0.0,0.0,0.0,4.141527250383611e-05,6.4579667630483136e-06,0.017821861930089455,1.0815377007095041e-06,6.320065836543146e-05,0.0,0.0,0.0
0.001,0.001,0.001,0.001,186.0,4.839415090146887e-05,7.265136281100684e-06,0.017451154137174834,1.7552301423493854e-06,6.12555810982888e-05,0.0,0.0,0.0,4.9297835451410444e-05,7.305456410862769e-06,0.017714188362909777,1.9720727543253028e-06,4.557462226990563e-05,0.0,0.0,0.0
0.001,0.001,0.001,0.001,187.0,5.2066367069316694e-05,7.664725683641074e-06,0.017460589668113893,2.0388916914167424e-06,6.552133916494774e-05,0.0,0.0,0.0,4.005479434458326e-05,6.321163238855461e-06,0.017749740709997203,1.2329513834238947e-06,3.6543756468080944e-05,0.0,0.0,0.0
0.001,0.001,0.001,0.001,188.0,4.9726658839744105e-05,7.5496385112963245e-06,0.01741136402844294,1.910753760652469e-06,5.658117857533336e-05,0.0,0.0,0.0,3.744792659101438e-05,6.1022116003008385e-06,0.017707586201358604,9.694502580934576e-07,3.94362535897922e-05,0.0,0.0,0.0
0.001,0.001,0.001,0.001,189.0,5.235222552995491e-05,7.658987239528246e-06,0.017531049568631333,2.029499815408354e-06,6.867189613250011e-05,0.0,0.0,0.0,4.0579479879839986e-05,6.263074907633693e-06,0.017904249339887542,1.1318651907139067e-06,5.0935027549596406e-05,0.0,0.0,0.0
0.001,0.001,0.001,0.001,190.0,5.185894054263941e-05,7.708484715531335e-06,0.017465891357698396,2.0779073128070613e-06,5.905490334913903e-05,0.0,0.0,0.0,4.1629214474472074e-05,6.616425206916636e-06,0.01753743225308858,1.255859115522341e-06,4.916765134809906e-05,0.0,0.0,0.0
0.001,0.001,0.001,0.001,191.0,5.422470154778683e-05,7.739561490418727e-06,0.01755317970566009,2.227499160422152e-06,6.65696781804927e-05,0.0,0.0,0.0,3.826096937002946e-05,6.610949265068401e-06,0.017397085420072896,1.0006430029825092e-06,4.246503716976845e-05,0.0,0.0,0.0
0.001,0.001,0.001,0.001,192.0,5.380576948428497e-05,7.765104168954652e-06,0.017618169815164723,2.066285727634135e-06,7.759637253440574e-05,0.0,0.0,0.0,3.962506079242552e-05,6.488719012202338e-06,0.017546289789077896,1.1585833270304208e-06,4.0042178518319295e-05,0.0,0.0,0.0
0.001,0.001,0.001,0.001,193.0,5.266795316208728e-05,7.613880406923886e-06,0.017461694698763765,2.0824630865452276e-06,6.76774625693741e-05,0.0,0.0,0.0,4.008650224226353e-05,6.566649672884141e-06,0.01763643974855066,1.1522321668854854e-06,4.361090378606023e-05,0.0,0.0,0.0
0.001,0.001,0.001,0.001,194.0,5.247286667480648e-05,7.769146605288332e-06,0.017599082114897906,2.084083366016328e-06,6.263803409137628e-05,0.0,0.0,0.0,3.803655922202368e-05,6.359046634133016e-06,0.017706277272472645,9.627211444264865e-07,4.3440228269801455e-05,0.0,0.0,0.0
0.001,0.001,0.001,0.001,195.0,4.8706803108580395e-05,7.362562177083365e-06,0.017393810518392144,1.7383911201248081e-06,6.566518128325597e-05,0.0,0.0,0.0,3.866480168520758e-05,6.087690149075096e-06,0.017623790099740574,1.0723573601129305e-06,4.229746763522686e-05,0.0,0.0,0.0
0.001,0.001,0.001,0.001,196.0,5.086653821221362e-05,7.548350842468139e-06,0.017393702125032197,1.978400356574431e-06,6.140480937476871e-05,0.0,0.0,0.0,4.822558097724195e-05,6.945277540306625e-06,0.017670937822833997,1.8888146128099078e-06,4.721218570190419e-05,0.0,0.0,0.0
0.001,0.001,0.001,0.001,197.0,6.161999115008079e-05,8.446331987846919e-06,0.01786840587173967,2.738001430552935e-06,7.925238082554733e-05,0.0,0.0,0.0,3.7167499484558117e-05,6.402034652562914e-06,0.017629895055130736,8.470082321685588e-07,4.665486760522275e-05,0.0,0.0,0.0
0.001,0.001,0.001,0.001,198.0,4.881668993490897e-05,7.314000175934265e-06,0.017401104904200933,1.7993758106120817e-06,6.107825832315615e-05,0.0,0.0,0.0,3.9443220011889934e-05,6.1170937077883314e-06,0.018023145383895805,1.1046317658879763e-06,4.256662249375219e-05,0.0,0.0,0.0
0.001,0.001,0.001,0.001,199.0,5.49428015074227e-05,7.921949491158238e-06,0.01756775005563209,2.1604270105629826e-06,7.848830809893714e-05,0.0,0.0,0.0,4.480366084244119e-05,6.793483841386049e-06,0.01815696625132539,1.5322106220626823e-06,4.5311038312781286e-05,0.0,0.0,0.0
0.001,0.001,0.001,0.001,200.0,5.5061046432248705e-05,8.19254397198605e-06,0.017903808613890383,2.3203263883424703e-06,5.761428966536901e-05,0.0,0.0,0.0,3.714828304393583e-05,6.095914099512719e-06,0.017978780759523992,8.809440853393803e-07,4.2641462448905444e-05,0.0,0.0,0.0
0.0003,0.0003,0.0003,0.0003,201.0,3.40741163903218e-05,6.148013833966176e-06,0.01728252673666227,6.773527871175588e-07,3.870046989183957e-05,0.0,0.0,0.0,3.239174501557907e-05,5.980435740290376e-06,0.017530685116166938,5.675812030547181e-07,3.2048111878457476e-05,0.0,0.0,0.0
0.0003,0.0003,0.0003,0.0003,202.0,3.44171810297978e-05,6.207061634007225e-06,0.017046593888981703,7.395105041638446e-07,3.768419574178917e-05,0.0,0.0,0.0,3.221444748118775e-05,6.333078047035785e-06,0.017011980370843793,5.794297414227149e-07,3.075090790408056e-05,0.0,0.0,0.0
0.0003,0.0003,0.0003,0.0003,203.0,3.4516331853082435e-05,6.2171806239680605e-06,0.016980863719089936,7.627203344948292e-07,3.6910832863043456e-05,0.0,0.0,0.0,3.172333032790078e-05,5.883874077818752e-06,0.017157684526487027,5.660681642219053e-07,3.0210891447545505e-05,0.0,0.0,0.0
0.0003,0.0003,0.0003,0.0003,204.0,3.471022493181512e-05,6.221078210271769e-06,0.016980971525248873,7.852316297457656e-07,3.6558579981455336e-05,0.0,0.0,0.0,3.195414989952798e-05,5.934984969016649e-06,0.01728964583514488,5.689527042870985e-07,3.039991074583834e-05,0.0,0.0,0.0
0.0003,0.0003,0.0003,0.0003,205.0,3.397501740441445e-05,6.189943757140743e-06,0.016966235601602625,7.358583096898141e-07,3.460254025678512e-05,0.0,0.0,0.0,3.171234873769864e-05,6.2969583870745244e-06,0.01681934270140243,5.862252875520583e-07,2.733793813413244e-05,0.0,0.0,0.0
0.0003,0.0003,0.0003,0.0003,206.0,3.370134723061785e-05,6.163706724417925e-06,0.016909828841277997,7.202309083748158e-07,3.425501616197731e-05,0.0,0.0,0.0,3.17200485932679e-05,6.088872543019434e-06,0.01706230042459758,5.809913100622255e-07,2.7589614910539238e-05,0.0,0.0,0.0
0.0003,0.0003,0.0003,0.0003,207.0,3.4009250895955845e-05,6.212846706626e-06,0.016857359347414207,7.516876528048777e-07,3.42216749859456e-05,0.0,0.0,0.0,3.135975709421024e-05,6.024456757985132e-06,0.01705664992060291,5.512415515055248e-07,2.7662341654337634e-05,0.0,0.0,0.0
0.0003,0.0003,0.0003,0.0003,208.0,3.3433618697499405e-05,6.179946190536716e-06,0.01680836282976686,7.129101604358804e-07,3.3162072034067695e-05,0.0,0.0,0.0,3.0983747344583135e-05,5.9203456602347415e-06,0.01708341022876844,5.31253777251666e-07,2.6674529407205956e-05,0.0,0.0,0.0
0.0003,0.0003,0.0003,0.0003,209.0,3.348688111660713e-05,6.205558560287753e-06,0.016846032927161483,7.172370271486772e-07,3.262918493635373e-05,0.0,0.0,0.0,3.1489748143607994e-05,5.968716783280544e-06,0.017064789394809775,5.569784070758032e-07,2.886457079321148e-05,0.0,0.0,0.0
0.0003,0.0003,0.0003,0.0003,210.0,3.2879675621699464e-05,6.155848011935818e-06,0.01677585421087535,6.746953179314818e-07,3.201019346802843e-05,0.0,0.0,0.0,3.1304248881347684e-05,5.615951858044147e-06,0.017283679886495686,5.577115032244601e-07,2.8275011680963383e-05,0.0,0.0,0.0
0.0003,0.0003,0.0003,0.0003,211.0,3.316282163856266e-05,6.224485442299368e-06,0.016773480681115633,6.911014351977453e-07,3.253840244489774e-05,0.0,0.0,0.0,3.090267882418721e-05,6.21370805350885e-06,0.01681170776010104,5.135485454467187e-07,2.741776683508856e-05,0.0,0.0,0.0
0.0003,0.0003,0.0003,0.0003,212.0,3.3016030785769066e-05,6.188897680089603e-06,0.016765469382750933,6.860534552664141e-07,3.2011282839062313e-05,0.0,0.0,0.0,3.07275966999491e-05,5.67092106796665e-06,0.017261597620297785,5.14492503103802e-07,2.6501520389094832e-05,0.0,0.0,0.0
0.0003,0.0003,0.0003,0.0003,213.0,3.222888017436872e-05,6.182938954781886e-06,0.016741876251757416,6.185776857941804e-07,3.118287249589184e-05,0.0,0.0,0.0,3.064154452467805e-05,5.7156017475674295e-06,0.017288132979445262,4.906669805490783e-07,2.7311391986752505e-05,0.0,0.0,0.0
0.0003,0.0003,0.0003,0.0003,214.0,3.2897250926559025e-05,6.260572443593301e-06,0.016722886929773306,6.714703596526098e-07,3.199087038028582e-05,0.0,0.0,0.0,3.1021060735693195e-05,5.867367968950357e-06,0.017092420992241602,5.197733908560571e-07,2.8635371280990892e-05,0.0,0.0,0.0
0.0003,0.0003,0.0003,0.0003,215.0,3.1920522703235275e-05,6.1801587060588515e-06,0.016733248655654523,5.872231700844221e-07,3.134882793747819e-05,0.0,0.0,0.0,3.051668149578602e-05,6.21033567273681e-06,0.01684167193767687,4.808346320465742e-07,2.656326744382572e-05,0.0,0.0,0.0
0.0003,0.0003,0.0003,0.0003,216.0,3.282708367710236e-05,6.260434903242847e-06,0.016693284954518488,6.680742887238842e-07,3.192620079469169e-05,0.0,0.0,0.0,3.013122774720124e-05,6.064209881340702e-06,0.016923783884200877,4.6008570848762954e-07,2.5423760201038977e-05,0.0,0.0,0.0
0.0003,0.0003,0.0003,0.0003,217.0,3.172888612222101e-05,6.163356702101122e-06,0.016697617140534807,5.779028939062686e-07,3.088882456662568e-05,0.0,0.0,0.0,3.02109294214826e-05,6.017112473480948e-06,0.01687317826160013,4.7415718203925474e-07,2.579065959714034e-05,0.0,0.0,0.0
0.0003,0.0003,0.0003,0.0003,218.0,3.2645443027262835e-05,6.2627861279491645e-06,0.016672048768088154,6.576117289218159e-07,3.134489945011605e-05,0.0,0.0,0.0,3.062585494736184e-05,6.03399435565892e-06,0.01688301651989488,4.942628400958836e-07,2.7662147816015965e-05,0.0,0.0,0.0
0.0003,0.0003,0.0003,0.0003,219.0,3.183329869346102e-05,6.2255113271561286e-06,0.016588087026795297,5.895641169866822e-07,3.1240582687643516e-05,0.0,0.0,0.0,3.0036064640397725e-05,5.876244380421613e-06,0.01688929221673643,4.7163622089080645e-07,2.5541650288043674e-05,0.0,0.0,0.0
0.0003,0.0003,0.0003,0.0003,220.0,3.194097260538952e-05,6.228262514907087e-06,0.016667208185070725,6.03132065289049e-07,3.0141804133135955e-05,0.0,0.0,0.0,2.9930482949683076e-05,5.903740841871421e-06,0.016869007988607503,4.400608429218311e-07,2.7571249409107232e-05,0.0,0.0,0.0
0.0003,0.0003,0.0003,0.0003,221.0,3.18834867121622e-05,6.222908703080585e-06,0.016586865007741265,6.005467374095992e-07,3.068244718095844e-05,0.0,0.0,0.0,2.9964193493897547e-05,5.9482166979495925e-06,0.016877618037402356,4.500932837887276e-07,2.637425138200508e-05,0.0,0.0,0.0
0.0003,0.0003,0.0003,0.0003,222.0,3.187104382594201e-05,6.245528301194211e-06,0.0166144366024836,6.067336802398007e-07,2.9437412240170666e-05,0.0,0.0,0.0,3.066926820896838e-05,6.090216696119897e-06,0.016916788136033707,5.07690720747865e-07,2.5853552778738393e-05,0.0,0.0,0.0
0.0003,0.0003,0.0003,0.0003,223.0,3.1373828208843696e-05,6.185833956652505e-06,0.016591625919216844,5.609148127417665e-07,2.987219347781083e-05,0.0,0.0,0.0,2.996677368269068e-05,6.379998332505076e-06,0.016581983770409675,4.43903974579977e-07,2.565751128597318e-05,0.0,0.0,0.0
0.0003,0.0003,0.0003,0.0003,224.0,3.1495161566375136e-05,6.189834695311992e-06,0.016573417240490107,5.761165672866564e-07,2.970743059567208e-05,0.0,0.0,0.0,3.0056871146869476e-05,6.135201425364424e-06,0.016632433032880634,4.595231431562025e-07,2.6940044121911507e-05,0.0,0.0,0.0
0.0003,0.0003,0.0003,0.0003,225.0,3.2076091661339105e-05,6.267822887846157e-06,0.016550870902462093,6.260721666621228e-07,2.9966753870075368e-05,0.0,0.0,0.0,2.9782705361419037e-05,6.122995664928529e-06,0.01677815582109913,4.2969412707824543e-07,2.5846117862713414e-05,0.0,0.0,0.0
0.0003,0.0003,0.0003,0.0003,226.0,3.1354719832471514e-05,6.1772674041289625e-06,0.01661677596980034,5.597986115622651e-07,2.962689448503371e-05,0.0,0.0,0.0,2.952173190376377e-05,6.008082824029862e-06,0.016826555745242392,4.1495339059584285e-07,2.537558567960062e-05,0.0,0.0,0.0
0.0003,0.0003,0.0003,0.0003,227.0,3.1412783886580284e-05,6.165480964854849e-06,0.016616452193423493,5.67495697720155e-07,2.9558929346654358e-05,0.0,0.0,0.0,3.0278996468764054e-05,6.048267415991014e-06,0.01681838187725032,4.622254700070158e-07,2.7900916285453776e-05,0.0,0.0,0.0
0.0003,0.0003,0.0003,0.0003,228.0,3.1420421039342206e-05,6.195008966945655e-06,0.01660546026477531,5.695764524016881e-07,2.9241864191243367e-05,0.0,0.0,0.0,3.073021805405056e-05,5.843815983198137e-06,0.01700928284969504,5.277366717024409e-07,2.5997516237095384e-05,0.0,0.0,0.0
0.0003,0.0003,0.0003,0.0003,229.0,3.141146563123763e-05,6.197001944014592e-06,0.016554427321779128,5.733390831004702e-07,2.926644641295391e-05,0.0,0.0,0.0,2.975085871155931e-05,5.839261580917763e-06,0.016939306708231364,4.236527044281813e-07,2.735762583944305e-05,0.0,0.0,0.0
0.0003,0.0003,0.0003,0.0003,230.0,3.170120952500469e-05,6.20180374056515e-06,0.01665084912284324,5.853519092742313e-07,2.9950367061350475e-05,0.0,0.0,0.0,2.8991007467213016e-05,5.865587860071547e-06,0.01679423241582635,3.8181922241061187e-07,2.5129942399099204e-05,0.0,0.0,0.0
0.0003,0.0003,0.0003,0.0003,231.0,3.1329100196314635e-05,6.153861637133946e-06,0.016595424342237108,5.640458002630502e-07,2.939355318074493e-05,0.0,0.0,0.0,3.035567182043916e-05,5.758151469287594e-06,0.017050647055177382,4.891413053671497e-07,2.655459251134528e-05,0.0,0.0,0.0
0.0003,0.0003,0.0003,0.0003,232.0,3.112824978976676e-05,6.171341760424375e-06,0.016533015092077864,5.558130029077893e-07,2.8657620812064374e-05,0.0,0.0,0.0,2.9258620688695987e-05,6.115341664836253e-06,0.016609911069478074,4.0409250850975963e-07,2.492441992524527e-05,0.0,0.0,0.0
0.0003,0.0003,0.0003,0.0003,233.0,3.145765016489603e-05,6.186795700122188e-06,0.016565678693252067,5.767281809873055e-07,2.9378930437889897e-05,0.0,0.0,0.0,3.0256302194822937e-05,6.0112341970910175e-06,0.016691268263342173,4.809947514751172e-07,2.7438513747978977e-05,0.0,0.0,0.0
0.0003,0.0003,0.0003,0.0003,234.0,3.123902956081754e-05,6.175809912456648e-06,0.016524595018799448,5.648585128511352e-07,2.8900386240588244e-05,0.0,0.0,0.0,2.8704573391281817e-05,5.813985964994065e-06,0.01677313774688059,3.8239186255539183e-07,2.2935301433595112e-05,0.0,0.0,0.0
0.0003,0.0003,0.0003,0.0003,235.0,3.0794645380281914e-05,6.136101165299461e-06,0.016543374262988294,5.312213249233529e-07,2.802955808455238e-05,0.0,0.0,0.0,3.028662493356746e-05,5.971904818529952e-06,0.0167935747098705,4.866906729522233e-07,2.6542377836283187e-05,0.0,0.0,0.0
0.0003,0.0003,0.0003,0.0003,236.0,3.0966562713463426e-05,6.151147590904017e-06,0.016557774226006853,5.396992229194422e-07,2.860647831847965e-05,0.0,0.0,0.0,2.8745410254237893e-05,5.761913212465939e-06,0.016781347010233632,3.7619982060576845e-07,2.440151059119638e-05,0.0,0.0,0.0
0.0003,0.0003,0.0003,0.0003,237.0,3.177822844540492e-05,6.2150977524428e-06,0.01653753013949688,6.18287765555537e-07,2.8427220586952683e-05,0.0,0.0,0.0,2.923437876341924e-05,6.283148890294743e-06,0.016591259222052412,4.008657702116708e-07,2.351312045973487e-05,0.0,0.0,0.0
0.0003,0.0003,0.0003,0.0003,238.0,3.0661533170987825e-05,6.122636339186928e-06,0.016520776194116297,5.210295573522165e-07,2.8078241779664108e-05,0.0,0.0,0.0,3.067785189603987e-05,5.876322622215865e-06,0.016874342900977286,5.209725672825262e-07,2.7174596989051717e-05,0.0,0.0,0.0
0.0003,0.0003,0.0003,0.0003,239.0,3.08325514416625e-05,6.157158986088149e-06,0.01648092728975701,5.391533780770775e-07,2.8029304637802603e-05,0.0,0.0,0.0,3.0215205667225737e-05,5.889316104401911e-06,0.016951391898333754,4.645677897012016e-07,2.7288189036743748e-05,0.0,0.0,0.0
0.0003,0.0003,0.0003,0.0003,240.0,3.1045237399949205e-05,6.133853382284521e-06,0.01655463424787674,5.528089261214555e-07,2.8286596762159643e-05,0.0,0.0,0.0,2.993773669536017e-05,6.001661679471979e-06,0.016834230795842873,4.673376223011943e-07,2.428467159334769e-05,0.0,0.0,0.0
0.0003,0.0003,0.0003,0.0003,241.0,3.081042219666216e-05,6.154384738036733e-06,0.01646602947349962,5.369035871760833e-07,2.8209712391471176e-05,0.0,0.0,0.0,2.923416310802238e-05,5.963820283746104e-06,0.016604326318388117,4.059568616402052e-07,2.6064469496400328e-05,0.0,0.0,0.0
0.0003,0.0003,0.0003,0.0003,242.0,3.099318350012495e-05,6.168675915004933e-06,0.01646988765834129,5.561760515351349e-07,2.792858530261317e-05,0.0,0.0,0.0,2.9226232635826894e-05,5.683659545114566e-06,0.016954069485947423,4.113116081074847e-07,2.475386627978147e-05,0.0,0.0,0.0
0.0003,0.0003,0.0003,0.0003,243.0,3.0642533981157294e-05,6.105083487633553e-06,0.01649054201702549,5.227307967141223e-07,2.819599632336522e-05,0.0,0.0,0.0,2.9203587437057058e-05,5.9855168797081065e-06,0.016651871215262914,4.0109861682339376e-07,2.5552123366800864e-05,0.0,0.0,0.0
0.0003,0.0003,0.0003,0.0003,244.0,3.073704205176976e-05,6.1200899338444324e-06,0.016500648743894,5.347291815551673e-07,2.7690106471958617e-05,0.0,0.0,0.0,2.92043081595303e-05,5.833347437213033e-06,0.016798476527814996,4.0874562406423793e-07,2.485026972979407e-05,0.0,0.0,0.0
0.0003,0.0003,0.0003,0.0003,245.0,3.040843177520347e-05,6.107450483019528e-06,0.016480229462934957,5.08791106634709e-07,2.7328399140135107e-05,0.0,0.0,0.0,3.0129131636174064e-05,6.116006257449443e-06,0.016639948059979096,4.919437398429634e-07,2.4537389932389555e-05,0.0,0.0,0.0
0.0003,0.0003,0.0003,0.0003,246.0,3.0493162596039047e-05,6.12527615893789e-06,0.01648808779781812,5.209205360873443e-07,2.6705924072439925e-05,0.0,0.0,0.0,2.9587330130252084e-05,5.9837859317173404e-06,0.016773506182513824,4.269907946751392e-07,2.5601291820595223e-05,0.0,0.0,0.0
0.0003,0.0003,0.0003,0.0003,247.0,3.138833274861764e-05,6.181478812949988e-06,0.01650742801152952,5.929039579901764e-07,2.7703854716056e-05,0.0,0.0,0.0,2.9497345642093142e-05,5.913243591695063e-06,0.016812710933489343,4.450010332943312e-07,2.3213798996707883e-05,0.0,0.0,0.0
0.0003,0.0003,0.0003,0.0003,248.0,3.081154156386954e-05,6.128353798308396e-06,0.01651561397735931,5.420943419580679e-07,2.7466295041802483e-05,0.0,0.0,0.0,2.901356037893252e-05,6.080462543023261e-06,0.016527336013915876,3.879379461923817e-07,2.5263815077446182e-05,0.0,0.0,0.0
0.0003,0.0003,0.0003,0.0003,249.0,3.066251735289615e-05,6.120736157239471e-06,0.016464260938368974,5.293603192784837e-07,2.7839160613696644e-05,0.0,0.0,0.0,2.9210919571708734e-05,5.793355285526534e-06,0.01685016589621975,4.3116040162461197e-07,2.2557934014447332e-05,0.0,0.0,0.0
0.0003,0.0003,0.0003,0.0003,250.0,3.0955468084781165e-05,6.177584733309003e-06,0.01646335821105465,5.594782401172555e-07,2.71974196636483e-05,0.0,0.0,0.0,2.8918669625508627e-05,5.792818429160089e-06,0.0167118813730266,3.9102720363093774e-07,2.503696727673999e-05,0.0,0.0,0.0
0.0003,0.0003,0.0003,0.0003,251.0,3.022458047481662e-05,6.070010784358468e-06,0.01648735686320148,4.944833691696072e-07,2.7223783592415028e-05,0.0,0.0,0.0,2.874408003908144e-05,6.138388972892107e-06,0.01650598476466523,3.809286396752205e-07,2.290418958335931e-05,0.0,0.0,0.0
0.0003,0.0003,0.0003,0.0003,252.0,3.053907217823615e-05,6.109934813064509e-06,0.016458272164406842,5.281091051055639e-07,2.6897732682985792e-05,0.0,0.0,0.0,2.9826819751577527e-05,5.977239281874145e-06,0.016725392496749147,4.636107935862149e-07,2.4880790003893932e-05,0.0,0.0,0.0
0.0003,0.0003,0.0003,0.0003,253.0,3.0472035851083975e-05,6.119097981279818e-06,0.016485825568845827,5.217867836515769e-07,2.649243615835416e-05,0.0,0.0,0.0,2.931474473595313e-05,6.093810673656376e-06,0.016547851094372196,4.2238541195667045e-07,2.449227976281176e-05,0.0,0.0,0.0
0.0003,0.0003,0.0003,0.0003,254.0,3.054120398663967e-05,6.095650805572442e-06,0.016453286157623273,5.334901375374609e-07,2.6573648187711433e-05,0.0,0.0,0.0,2.860819182005715e-05,5.854373816645292e-06,0.01664935131323392,3.801614719654458e-07,2.3028510172584134e-05,0.0,0.0,0.0
0.0003,0.0003,0.0003,0.0003,255.0,3.05948257928695e-05,6.122025740865475e-06,0.016422425581303905,5.380984001044557e-07,2.6693895626302028e-05,0.0,0.0,0.0,3.0192860655197407e-05,6.032907077085788e-06,0.016643906924278223,4.919399976045011e-07,2.5966459215020914e-05,0.0,0.0,0.0
0.0003,0.0003,0.0003,0.0003,256.0,3.08704345894246e-05,6.1411325157379205e-06,0.016489569285552796,5.54463572370878e-07,2.6950962855522805e-05,0.0,0.0,0.0,2.880932749663671e-05,5.877267018589936e-06,0.016670994173446203,3.8572189100393676e-07,2.403846571047059e-05,0.0,0.0,0.0
0.0003,0.0003,0.0003,0.0003,257.0,3.0701012794751264e-05,6.115632943845446e-06,0.01644469840749758,5.43450565366592e-07,2.7061748799301665e-05,0.0,0.0,0.0,2.9507929506524546e-05,5.811660671933579e-06,0.01682124518368342,4.710024150885662e-07,2.1649986773306853e-05,0.0,0.0,0.0
0.0003,0.0003,0.0003,0.0003,258.0,3.0082098343787016e-05,6.079701277809513e-06,0.016414873311508735,5.012184807776365e-07,2.575338070939374e-05,0.0,0.0,0.0,2.9209307525158097e-05,5.847536741804276e-06,0.016753394745256257,4.2773989703766437e-07,2.3309762478201674e-05,0.0,0.0,0.0
0.0003,0.0003,0.0003,0.0003,259.0,3.0421676749701626e-05,6.09823254860481e-06,0.01642956703901291,5.227834111435464e-07,2.666042180877395e-05,0.0,0.0,0.0,2.96706139305649e-05,5.944792844594848e-06,0.01659552465562951,4.661837881101406e-07,2.468457451141979e-05,0.0,0.0,0.0
0.0003,0.0003,0.0003,0.0003,260.0,3.0720370016183035e-05,6.12105088410184e-06,0.01644241889113705,5.45534410014845e-07,2.7015553148897832e-05,0.0,0.0,0.0,2.8349557425295212e-05,5.711260168708448e-06,0.01671788309262768,3.6177861677235144e-07,2.3026272824837306e-05,0.0,0.0,0.0
0.0003,0.0003,0.0003,0.0003,261.0,3.079063566250101e-05,6.125941667192138e-06,0.0163982353216573,5.648585484989669e-07,2.617872299614559e-05,0.0,0.0,0.0,2.9097768532847943e-05,5.711956286318355e-06,0.016835967590819755,4.311226691396723e-07,2.23861711356429e-05,0.0,0.0,0.0
0.0003,0.0003,0.0003,0.0003,262.0,3.0329483195758728e-05,6.100558024477883e-06,0.016472363374685044,5.129470464536393e-07,2.627090447156279e-05,0.0,0.0,0.0,2.876569060066536e-05,6.055337278617303e-06,0.016605318749331993,3.9230776168485084e-07,2.181955992152022e-05,0.0,0.0,0.0
0.0003,0.0003,0.0003,0.0003,263.0,2.9999352362326913e-05,6.060311092552104e-06,0.016419494676671614,4.965796451880502e-07,2.5537491786169862e-05,0.0,0.0,0.0,2.9175108371485347e-05,6.183732850713651e-06,0.016397188259586352,4.280170658802652e-07,2.3140158510992047e-05,0.0,0.0,0.0
0.0003,0.0003,0.0003,0.0003,264.0,3.019503373256672e-05,6.088456971716767e-06,0.016402812883189823,5.093079408802063e-07,2.6106836110974568e-05,0.0,0.0,0.0,2.899220931188514e-05,6.116099785067158e-06,0.016421205017664663,4.0602131871330883e-07,2.3946905386524268e-05,0.0,0.0,0.0
0.0003,0.0003,0.0003,0.0003,265.0,3.0347006024019878e-05,6.098155701369101e-06,0.016376430742000337,5.248167293068044e-07,2.6242514280941215e-05,0.0,0.0,0.0,3.046810044641245e-05,5.929057218440591e-06,0.016780949210467404,5.278103702176563e-07,2.4799895149559424e-05,0.0,0.0,0.0
0.0003,0.0003,0.0003,0.0003,266.0,2.992039563314517e-05,6.072771175738985e-06,0.0163724709081051,4.926847599953565e-07,2.548305157972923e-05,0.0,0.0,0.0,2.8850030200236975e-05,5.7077934702626565e-06,0.016797520994595742,3.9978039061364115e-07,2.346910832859241e-05,0.0,0.0,0.0
0.0003,0.0003,0.0003,0.0003,267.0,3.048186332025123e-05,6.100658550387388e-06,0.016438795213149563,5.378634564481653e-07,2.5637740797105108e-05,0.0,0.0,0.0,2.8534819540508158e-05,5.741981186395826e-06,0.016683946619295092,3.8989302021497543e-07,2.209960593607478e-05,0.0,0.0,0.0
0.0003,0.0003,0.0003,0.0003,268.0,3.0252507446704808e-05,6.070947204007181e-06,0.016382334029565664,5.241198484429217e-07,2.558026870807624e-05,0.0,0.0,0.0,2.968558442798022e-05,5.87611502818136e-06,0.01665574655140916,5.032233124247755e-07,2.1214888688082783e-05,0.0,0.0,0.0
0.0003,0.0003,0.0003,0.0003,269.0,3.071884968988895e-05,6.128864723776539e-06,0.016430402630132082,5.580243923313112e-07,2.5793376170768836e-05,0.0,0.0,0.0,2.835417193196901e-05,5.836868165956584e-06,0.016628717135076652,3.6846873184639324e-07,2.2038984445574082e-05,0.0,0.0,0.0
0.0003,0.0003,0.0003,0.0003,270.0,3.016648423971213e-05,6.054119759738407e-06,0.016421413031070742,5.142567542332297e-07,2.548383085560634e-05,0.0,0.0,0.0,2.9594824698830204e-05,5.7966030962562155e-06,0.01688220245925259,4.766390320915249e-07,2.149628003799786e-05,0.0,0.0,0.0
0.0003,0.0003,0.0003,0.0003,271.0,3.027643822279725e-05,6.073527335697338e-06,0.0164188471899185,5.244858319712552e-07,2.5392044783851707e-05,0.0,0.0,0.0,2.8789355520575763e-05,5.810742773002409e-06,0.016696350313212774,4.054688015956295e-07,2.2275733922573776e-05,0.0,0.0,0.0
0.0003,0.0003,0.0003,0.0003,272.0,3.0495016098731586e-05,6.11947929183401e-06,0.016417498530046037,5.432657857523138e-07,2.5253795715009274e-05,0.0,0.0,0.0,2.933110013714732e-05,5.749094659251535e-06,0.0167561622787284,4.421803296447841e-07,2.404039111906013e-05,0.0,0.0,0.0
0.0003,0.0003,0.0003,0.0003,273.0,3.009780443254348e-05,6.056024274618293e-06,0.01643371839841751,5.032523441653182e-07,2.5755374443793517e-05,0.0,0.0,0.0,2.9484641657967852e-05,5.911427749890715e-06,0.016676273076501612,4.61850059062554e-07,2.2784395270685737e-05,0.0,0.0,0.0
0.0003,0.0003,0.0003,0.0003,274.0,3.0263072113239643e-05,6.069544903172784e-06,0.01643077185505057,5.251958696882792e-07,2.5107958793458106e-05,0.0,0.0,0.0,2.9648198030110805e-05,5.814623205654629e-06,0.01678768967384617,4.84591253710747e-07,2.1999716822699973e-05,0.0,0.0,0.0
0.0003,0.0003,0.0003,0.0003,275.0,3.0318586671135927e-05,6.089181557798252e-06,0.01637702869906273,5.334904279164856e-07,2.5174713807129723e-05,0.0,0.0,0.0,2.8105802561866637e-05,6.145351578932804e-06,0.016166748091510443,3.574664688504489e-07,2.219037250960849e-05,0.0,0.0,0.0
