lr_enc,lr_dec,lr_dyn,lr_dyn_scale,epoch,n_steps,t_total,t_static_recon,t_kl,t_dyn_recon,t_dyn,t_steady,t_z_std,t_dyn_attn,t_attn_pos,v_total,v_static_recon,v_kl,v_dyn_recon,v_dyn,v_steady,v_z_std,v_dyn_attn,v_attn_pos
0.0001,0.001,0.0001,0.0001,1.0,1.0,0.0010228619136783432,0.0005038792713355104,0.0011073523346602904,0.0004864569027401467,3.606014741804321e-06,1.6532362770786924e-06,0.0016195981488266147,0.00014300289603717315,0.0026440740668406725,0.00042005157106827265,0.0001766050923973895,0.037785684871797225,0.0001711778986378828,3.0425033791404578e-05,2.321538461979538e-06,0.006636670516126096,0.0021671257390300184,0.0026440740668406725
0.00028000000000000003,0.001,0.00028000000000000003,0.00028000000000000003,2.0,1.0,0.00027820923697241735,0.00011605933614354724,0.06627492419997998,0.00011251993785519181,8.289419729414743e-06,7.75282372196085e-06,0.005093226724842283,0.0015741905455679461,0.001908927587133426,0.000183133901532155,7.422238251714755e-05,0.0862350316787446,7.300172327503896e-05,2.231299677039592e-06,8.186336382931363e-07,0.004264475451742099,0.0014968995631140373,0.001908927587133426
0.00046000000000000007,0.001,0.00046000000000000007,0.00046000000000000007,3.0,1.0,0.0002152481311500519,8.589360425770615e-05,0.08040586475460312,8.444104152905933e-05,3.769071245938858e-06,4.7747551618250794e-06,0.004723148547192034,0.0014999296497199381,0.002082942463828896,0.0001528371226983491,5.939450241643823e-05,0.09104516860113746,5.8041514861552395e-05,1.7282267864069356e-06,7.138426293672908e-07,0.004563192681585702,0.0014128909957842287,0.002082942463828896
0.00064,0.001,0.00064,0.00064,4.0,1.0,0.0001789194407641239,7.048527425848134e-05,0.08908664323996307,6.892687847349466e-05,3.185821297111488e-06,4.440181755463822e-06,0.005708268997675402,0.0014912980712207117,0.001551613169041647,0.00011969766191282538,4.4115008795879424e-05,0.10139638391567286,4.333837425926167e-05,1.5880173862557214e-06,6.067301216552878e-07,0.005877896724792009,0.001483989914906571,0.001551613169041647
0.0008200000000000001,0.001,0.0008200000000000001,0.0008200000000000001,5.0,1.0,0.00015150336260014017,5.87325638121947e-05,0.09604611181626137,5.739085014784302e-05,2.503533664442336e-06,3.7344658457471844e-06,0.006164321009699502,0.0014944785629028036,0.0012064946230530822,0.00011006091436505633,3.970252078014157e-05,0.10491411438149013,3.925196671392668e-05,1.2380003247642877e-06,5.690356306940736e-07,0.006135530797193148,0.001447069012220263,0.0012064946230530822
0.001,0.001,0.001,0.001,6.0,1.0,0.0001433932284833179,5.4410175447676524e-05,0.0959270720492048,5.309717159535311e-05,2.593831249441687e-06,4.3042381844909876e-06,0.006403093836829882,0.0014709036309014296,0.0012040587649845575,0.00010082827972893361,3.60583741966049e-05,0.10270690590838677,3.551227192170258e-05,1.1906656932520788e-06,5.673444152736052e-07,0.006292131390541715,0.001391622704830481,0.0012040587649845575
0.001,0.001,0.001,0.001,7.0,1.0,0.00013202497299051868,4.972207693432958e-05,0.09701909418318087,4.8673915303222206e-05,2.601552331545737e-06,3.445055931880694e-06,0.006614216878526791,0.0014389446070506564,0.001068574038123454,9.380338774199534e-05,3.2288604192706405e-05,0.10385838970091184,3.205062374951058e-05,1.2199585554542215e-06,4.419694985191799e-07,0.006621423026896183,0.001368488401135103,0.001068574038123454
0.001,0.001,0.001,0.001,8.0,1.0,0.00011606900519371039,4.2058128548027525e-05,0.09706803511408874,4.099804782683408e-05,2.4717202509834344e-06,2.7234864078630298e-06,0.006792920085564705,0.0014089097500425498,0.0011066270631212914,9.235827238282853e-05,3.1017335011902915e-05,0.10301674950091923,3.067615458064322e-05,1.21026106820885e-06,1.110722793830721e-06,0.00679233776326569,0.0013081973909409258,0.0011066270631212914
0.001,0.001,0.001,0.001,9.0,1.0,0.00010907074672778446,3.8425964135724544e-05,0.09624586113461193,3.7457615076586015e-05,2.6239143327367995e-06,2.5878537182755558e-06,0.006954316195018133,0.001386058936732491,0.0011420519116622232,9.761879383807707e-05,3.2516693207349783e-05,0.09806678806694809,3.19319270470861e-05,1.1528102836078954e-06,1.96022602630252e-06,0.006609029811947842,0.0012589827515571254,0.0011420519116622232
0.001,0.001,0.001,0.001,10.0,1.0,0.00010545825108401551,3.6288449274803845e-05,0.09621933565247706,3.538372942783099e-05,2.608888953699926e-06,2.290781294226897e-06,0.0070360835774147526,0.0013782312945644242,0.0012373312675727668,8.370525372382044e-05,2.6439633779242827e-05,0.09954647579477487,2.583240534174586e-05,1.1639662455502778e-06,6.138439508337585e-07,0.007103204197518353,0.0012745202732612133,0.0012373312675727668
0.001,0.001,0.001,0.001,11.0,1.0,9.777497593436723e-05,3.136277028989155e-05,0.09619974753854148,3.0476331350396788e-05,2.4187726466464735e-06,2.326540894891754e-06,0.007141379009836584,0.0013649983283357894,0.0014745595121750108,8.46710271465044e-05,2.6532558011605065e-05,0.09881457150652168,2.5784446266460674e-05,1.1979405711729314e-06,7.324080228721627e-07,0.006942693160181944,0.00123305870434382,0.0014745595121750108
0.001,0.001,0.001,0.001,12.0,1.0,9.267521754939831e-05,2.9548924177668105e-05,0.0958780117544452,2.8574906664266208e-05,2.3183779278168843e-06,1.9877402282535384e-06,0.007126804701735381,0.0013485626442155034,0.001391465469059952,7.719654341263723e-05,2.2714767791109455e-05,0.09835736372394611,2.2011183944401794e-05,1.0763668975348052e-06,7.47534123251314e-07,0.006974812579327549,0.0012412934072332598,0.001391465469059952
0.001,0.001,0.001,0.001,13.0,1.0,8.707639332110036e-05,2.7075842814693582e-05,0.09478476075143856,2.6145678551068556e-05,2.3680355467072107e-06,1.8065610166208703e-06,0.007131845074954352,0.0013187766189194311,0.0013607916740696023,7.250942275742699e-05,2.0806504362270834e-05,0.09668617196503444,2.0005043970568163e-05,1.120709399785283e-06,5.669411807357486e-07,0.006979561231341358,0.0012017206010966528,0.0013607916740696023
0.001,0.001,0.001,0.001,14.0,1.0,8.501908420704464e-05,2.6043720911768403e-05,0.09409233623512984,2.5139958263097553e-05,2.323453248826557e-06,1.7117010718974429e-06,0.007137052543961034,0.0012935570276193706,0.0013923232526722952,8.212357250146098e-05,2.393472357326072e-05,0.09672860604169148,2.3197849050993116e-05,1.0631728516075443e-06,2.5882806893744584e-06,0.007152580619888669,0.0011908105933151707,0.0013923232526722952
0.001,0.001,0.001,0.001,15.0,1.0,9.153688528315714e-05,2.8353380130432642e-05,0.09354044370264067,2.7399658129883225e-05,2.639797025333195e-06,2.5839891792000653e-06,0.007469533600837072,0.0012793767888777479,0.001480913323827396,7.456394588891111e-05,2.1516925521307023e-05,0.0932344621950527,2.0793122621634477e-05,1.3576502439862997e-06,4.331684144866783e-07,0.007470579029043996,0.0011592513352673575,0.001480913323827396
0.001,0.001,0.001,0.001,16.0,1.0,8.170522777800629e-05,2.393157313689048e-05,0.09188769284924278,2.3036762914830686e-05,2.5458366144094446e-06,1.6529769340969843e-06,0.007510850086825512,0.0012484287728241558,0.0015107165810344337,7.943739400834068e-05,2.41559455397367e-05,0.09358596683269754,2.3110374922789884e-05,1.1552593251713144e-06,8.599807973441722e-07,0.00723747553926866,0.0011268019324145219,0.0015107165810344337
0.001,0.001,0.001,0.001,17.0,1.0,8.797076588765691e-05,2.656811498165801e-05,0.09245655326769071,2.5546991450341766e-05,2.705048660873698e-06,2.5145061440620702e-06,0.007604145166269916,0.0012376348530306915,0.001520227565472896,7.538260390099409e-05,2.174878610435784e-05,0.09131729270531994,2.0763226337517573e-05,1.2687779447190734e-06,6.145142350656031e-07,0.007599634935398399,0.0011274014405830536,0.001520227565472896
0.001,0.001,0.001,0.001,18.0,1.0,8.319306832390984e-05,2.4261058344397077e-05,0.09090288539157045,2.3246837948276295e-05,2.7282695161905635e-06,1.861851478216367e-06,0.00774006974413427,0.0012233186438416934,0.001588817008853189,7.1363353041965e-05,1.96600170118727e-05,0.09173785916359752,1.8996801053701784e-05,1.3659278726961146e-06,4.22921453686012e-07,0.007623314537114384,0.001121834001224971,0.001588817008853189
0.001,0.001,0.001,0.001,19.0,1.0,7.943516641811014e-05,2.2269140458495478e-05,0.09028350457145382,2.137136982260753e-05,2.7143581066407466e-06,1.5567844417409195e-06,0.00761877999270369,0.0011939965339678722,0.0016525181032302043,7.178024399414652e-05,1.955576914441796e-05,0.09369393098735562,1.899630865154087e-05,1.3420631183010582e-06,7.850660190417428e-07,0.007540676198648602,0.001088997067663458,0.0016525181032302043
0.001,0.001,0.001,0.001,20.0,1.0,7.772676736757501e-05,2.1465948267493644e-05,0.08979623963208747,2.0558634096182593e-05,2.5675603540577865e-06,1.6252524431182503e-06,0.007665442059458096,0.00118134227161056,0.0016623037734144475,7.355349069103428e-05,1.876968543735766e-05,0.08911852521842785,1.766487384774334e-05,1.2422641936335239e-06,8.658282225567945e-07,0.007538823488143465,0.001071809206436434,0.0016623037734144475
0.001,0.001,0.001,0.001,21.0,1.0,8.557800396248778e-05,2.2466155882478493e-05,0.08941449630473312,2.147524769956029e-05,2.629613132634611e-06,1.9283373581733987e-06,0.007641077933175963,0.001160899546897428,0.0022332703212247875,7.945909022219565e-05,2.3370565251757566e-05,0.09039578454805636,2.2317656947896707e-05,1.2931657095400322e-06,6.298011418902211e-07,0.0074947259711647405,0.0010436304261631838,0.0022332703212247875
0.001,0.001,0.001,0.001,22.0,1.0,8.109966141786152e-05,2.232608950314895e-05,0.08891586121868551,2.140986749687675e-05,2.759628630591719e-06,2.0358098410642183e-06,0.00777456742478893,0.0011439715147827708,0.0017956822974936045,8.026665915920607e-05,2.3989175000617784e-05,0.08989177460081121,2.2987678125889066e-05,1.3570303028802628e-06,7.518074226255201e-07,0.007775105329917852,0.0010482114113367412,0.0017956822974936045
0.001,0.001,0.001,0.001,23.0,1.0,7.943220132102671e-05,2.1012622668716377e-05,0.08804463148149266,2.0091578727259387e-05,2.75429356516183e-06,2.1295870803490924e-06,0.007946752400797669,0.0011233720305732324,0.0019022796639327289,6.977715009808147e-05,1.7695761611574475e-05,0.08753783528209248,1.664570661190943e-05,1.1964702295401756e-06,9.271774685980954e-07,0.0076273565559729275,0.0010041541126822326,0.0019022796639327289
0.001,0.001,0.001,0.001,24.0,1.0,8.307000157284427e-05,2.2806390128022706e-05,0.08721598982891475,2.1797662159326215e-05,2.776954988625678e-06,2.3979450147768884e-06,0.007959139569742535,0.0011064114795258022,0.0019037393678079026,7.43173199918889e-05,1.9674552944520014e-05,0.08788139627426991,1.8842137824392727e-05,1.3036427893518397e-06,5.359661451102896e-07,0.00802975488132769,0.0010418610700346567,0.0019037393678079026
0.001,0.001,0.001,0.001,25.0,1.0,8.192382820277315e-05,2.2386721007806216e-05,0.08706340113327848,2.141189114270856e-05,2.770547011099378e-06,1.8515670030388818e-06,0.007980073386007465,0.0010999056306556913,0.0019297234656472913,6.930037124815752e-05,1.7322376612794215e-05,0.08643480192615538,1.6526215663562103e-05,1.3979879843851463e-06,5.518847233215732e-07,0.00801901824695083,0.00102075798751532,0.0019297234656472913
0.001,0.001,0.001,0.001,26.0,3.0,8.988933300193227e-05,2.1926523642544297e-05,0.08634388005983687,2.306685814045263e-05,6.479531805987451e-06,1.7951881614897434e-06,0.007449686468083868,0.0010768053542799217,0.0022602817142024388,7.40414437516524e-05,1.602385480764528e-05,0.08914006882014724,1.6097106754504825e-05,3.570141460542011e-06,2.8212914611266864e-07,0.007283742261878251,0.0010346082010903688,0.0022602817142024388
0.001,0.001,0.001,0.001,27.0,3.0,9.329693472495733e-05,2.23060286202268e-05,0.08849661211981508,2.323086602735723e-05,5.2380926976811474e-06,1.913353588532182e-06,0.007007047250222479,0.001074268199245793,0.0026387592519955903,7.939469958204767e-05,1.9010786472429044e-05,0.08969870951532184,1.8691519051205646e-05,2.9698723360894494e-06,4.3577652565153324e-07,0.007131980268434398,0.001022258387776309,0.0026387592519955903
0.001,0.001,0.001,0.001,28.0,3.0,8.984586469022965e-05,2.1716449131884333e-05,0.0893372061998292,2.2336133342859196e-05,4.396677166752216e-06,1.521268081529128e-06,0.006701963129166199,0.0010695641173302896,0.0025593796584191977,7.712818167179215e-05,1.7086265329779678e-05,0.09011455036075133,1.6867833582997522e-05,2.967819131706024e-06,3.6059117690050715e-07,0.006531232386801711,0.0010096395438856565,0.0025593796584191977
0.001,0.001,0.001,0.001,29.0,3.0,8.920897638697124e-05,2.0952714050819034e-05,0.08905951298827829,2.1519769208928204e-05,4.11340814110228e-06,1.5874136071819591e-06,0.006443798155214788,0.0010584876516468113,0.002683728275086694,7.766502072822138e-05,1.6893683900146454e-05,0.09191868754945753,1.6868590515269114e-05,2.829116660095466e-06,3.8797869475670036e-07,0.006430585898439639,0.001009371521202131,0.002683728275086694
0.001,0.001,0.001,0.001,30.0,3.0,0.00010247757490668477,2.3162965717618818e-05,0.090532917891499,2.3747176159289624e-05,3.7946918302373684e-06,2.659173136636102e-06,0.006412189864496632,0.0010395553364124718,0.003486250083113582,8.23918014524107e-05,2.0593451093599083e-05,0.09348347370956309,2.032650894794916e-05,2.3292337355130747e-06,1.1574076642874446e-06,0.006195786094346125,0.000994086369552932,0.003486250083113582
0.001,0.001,0.001,0.001,31.0,3.0,9.451169140160656e-05,2.352344890957232e-05,0.09054877269158876,2.4198780944662342e-05,3.5045984476422245e-06,2.0323070752972827e-06,0.006169902544905058,0.0010307124291584642,0.002704411725147382,7.408982048073965e-05,1.6722786081931695e-05,0.08966337954472547,1.6565991915183266e-05,2.0199214445644007e-06,3.8907401359165974e-07,0.006103617639032127,0.00096120623675076,0.002704411725147382
0.001,0.001,0.001,0.001,32.0,3.0,8.896927447524789e-05,2.2392592089853714e-05,0.09035903148914394,2.342165779872504e-05,3.25136720898316e-06,1.4779522956022971e-06,0.006047496978214753,0.0010311611291420194,0.002423399695577915,7.229969734794886e-05,1.6305318606011013e-05,0.09056867315218999,1.596350062761225e-05,2.039265353497138e-06,2.807556549430275e-07,0.006108091524323205,0.0009940401195164515,0.002423399695577915
0.001,0.001,0.001,0.001,33.0,3.0,9.194765700879552e-05,2.3527937899483792e-05,0.09058441639796624,2.4040777777179793e-05,3.3029815345614453e-06,2.007671028632955e-06,0.00611405259024488,0.0010273083976352843,0.002487330580926325,8.603810208099801e-05,2.233017086865507e-05,0.09092572323701045,2.1120021193919745e-05,2.070376549745372e-06,3.5855841595543836e-07,0.0064088350875092254,0.0009828923262459328,0.002487330580926325
0.001,0.001,0.001,0.001,34.0,3.0,8.732352307971355e-05,2.2083936025499126e-05,0.08959050900590744,2.3127906817046225e-05,3.2594321835913696e-06,1.1507604647987345e-06,0.006095075974545948,0.0010139694589560038,0.002367258992681372,7.319255682093219e-05,1.6577793483845945e-05,0.09267091560487409,1.6109563547676363e-05,1.8917260012637637e-06,2.0908908204063167e-07,0.006178494066309084,0.0009710956307517665,0.002367258992681372
0.001,0.001,0.001,0.001,35.0,3.0,8.487991044292632e-05,2.0901195812295925e-05,0.0892046475950785,2.1617387245886385e-05,3.1052252761980326e-06,1.17052314060765e-06,0.005940160400261256,0.0010134041081565227,0.002409809458012574,7.410000128739545e-05,1.7405493461146392e-05,0.08765037116967303,1.678058257734843e-05,2.2201604983254313e-06,1.432474035013011e-07,0.0059289406089944475,0.000953382387680429,0.002409809458012574
0.001,0.001,0.001,0.001,36.0,3.0,0.00010677084636560215,2.406495175848921e-05,0.09027236408804905,2.455372973775901e-05,3.3438856290815953e-06,2.9112184550902796e-06,0.005717758767827848,0.0009957638081455715,0.00378910064937159,8.287407174487514e-05,2.0909334059432188e-05,0.0877574560656667,2.0281825584874432e-05,2.0965548973924885e-06,8.508609038772341e-07,0.005831260523898084,0.000944115610037791,0.00378910064937159
0.001,0.001,0.001,0.001,37.0,3.0,8.650148673669976e-05,2.1125648051118267e-05,0.0893966706116406,2.1809250744034582e-05,3.292288548979126e-06,1.665572329906985e-06,0.00544735659048187,0.0009703940174268589,0.0024817090559807044,7.876739557007409e-05,1.7959243063067346e-05,0.08902547257978956,1.788065347024328e-05,2.291272804266487e-06,3.371674295442704e-07,0.0053955924986195955,0.0009180945622478753,0.0024817090559807044
0.001,0.001,0.001,0.001,38.0,3.0,9.351685824235594e-05,2.340374026480653e-05,0.0904655020870867,2.348021562401651e-05,3.538550469117812e-06,2.4872771184832777e-06,0.005516594070604615,0.000966077224784543,0.0026730139492044044,0.0001007528322492867,2.7167825851609164e-05,0.09064550753183785,2.7235238001377594e-05,2.1843033812657586e-06,1.4711631738370019e-06,0.005494073281256207,0.0008657273597767385,0.0026730139492044044
0.001,0.001,0.001,0.001,39.0,3.0,8.91078450610846e-05,2.3284541205345316e-05,0.08878838105009935,2.382376947033953e-05,3.4411620456693755e-06,1.7233433543929977e-06,0.005423944724111335,0.0009489289763146995,0.0023211546690326493,0.00010551935987600972,2.8465670310382432e-05,0.08832499052598339,2.7250992461977416e-05,2.261445005660711e-06,2.315978836421378e-06,0.00555912113700999,0.0009075701849490031,0.0023211546690326493
0.001,0.001,0.001,0.001,40.0,3.0,8.739692164456042e-05,2.1725868161189923e-05,0.08807277450820157,2.246412526512326e-05,3.4304335854929274e-06,2.1822775777860387e-06,0.005316010191430858,0.0009395303733982005,0.0024089288684056714,7.289852733685987e-05,1.72689076519567e-05,0.08505162898074375,1.629833197776321e-05,2.109874625936661e-06,5.749644157889384e-07,0.005160017491236986,0.0008918292412044144,0.0024089288684056714
0.001,0.001,0.001,0.001,41.0,3.0,8.430921612875969e-05,2.071071258193875e-05,0.08912328905979537,2.127332030825388e-05,3.279557685347741e-06,2.0134146722833308e-06,0.005126690090786152,0.0009317075883615673,0.002346134478603804,6.719041518024237e-05,1.5799613254300845e-05,0.09100920827407309,1.5071246884388941e-05,2.0075610265845666e-06,6.673279637299791e-07,0.005418277096869416,0.0008775978025158444,0.002346134478603804
0.001,0.001,0.001,0.001,42.0,3.0,8.527026051205712e-05,2.0934560189685685e-05,0.08972625864314922,2.14668739520413e-05,3.271067184835123e-06,1.8977625582873085e-06,0.005141905183434174,0.0009163336868133043,0.002414570311040869,7.482834610141823e-05,1.742722835800421e-05,0.08865064580891806,1.642028103009691e-05,2.191825464398448e-06,6.500516885656562e-07,0.00536509807557254,0.0009055574493588962,0.002414570311040869
0.001,0.001,0.001,0.001,43.0,3.0,9.380966025115557e-05,2.4636060497019513e-05,0.08889626537986173,2.5044355123762725e-05,3.7043921265389587e-06,3.3915731926877607e-06,0.005300306368388065,0.0009130686486790455,0.00235783102782296,7.70593458554581e-05,1.581514603558963e-05,0.0918158810769265,1.5221754409944922e-05,2.179668899348541e-06,3.2179256550276545e-06,0.005025677951237923,0.0008805293332549519,0.00235783102782296
0.001,0.001,0.001,0.001,44.0,3.0,8.233315660923269e-05,2.0116985043647736e-05,0.08936822712252365,2.0653208519943053e-05,2.71595694318738e-06,1.310182349543675e-06,0.005288262172484107,0.00090492074174538,0.0024075398103325634,7.195132877365762e-05,1.5224697803639262e-05,0.09476102307735071,1.5133816398567619e-05,1.6957311531181342e-06,2.613600670887042e-07,0.0056039487320025,0.0008770466215470636,0.0024075398103325634
0.001,0.001,0.001,0.001,45.0,3.0,8.630579470015244e-05,2.128903718367715e-05,0.08974607933450211,2.1999789941641044e-05,2.7632943105460103e-06,1.4556862811678173e-06,0.005296513584334339,0.0009083765412535765,0.002528149734018578,7.17546964907824e-05,1.4966380049584916e-05,0.09444030282202731,1.5043847168730966e-05,1.89346246205588e-06,4.507655533093176e-07,0.005390342368439239,0.0008615518715063572,0.002528149734018578
0.001,0.001,0.001,0.001,46.0,3.0,8.248274836072193e-05,2.095364707814653e-05,0.08886897855348408,2.1194025209363657e-05,2.8365416446661903e-06,1.130061019654579e-06,0.005425285435773279,0.0009110531760331497,0.0022926310496468915,7.398224883699144e-05,1.756969334532699e-05,0.09085936845636822,1.6720360704032983e-05,1.7144059560303058e-06,2.4628576693312745e-07,0.005632890266017761,0.0008559899446703397,0.0022926310496468915
0.001,0.001,0.001,0.001,47.0,3.0,8.59592709887837e-05,2.1864022061516784e-05,0.08957316681546648,2.2075293126312666e-05,2.90724965746135e-06,1.648543612098258e-06,0.005550388088086826,0.0009076004087980264,0.0023968844282311057,6.723682177872876e-05,1.4771352041472077e-05,0.08903121901877295,1.4348931723100623e-05,1.8078800301158365e-06,1.717749444953272e-07,0.005798275385280571,0.0008637685257886749,0.0023968844282311057
0.001,0.001,0.001,0.001,48.0,3.0,7.870412839546464e-05,1.9232226239135026e-05,0.08745950289288563,1.985894500830929e-05,2.777686432706975e-06,9.964068160267142e-07,0.00544212139970444,0.0008854089294441854,0.002266586971197306,6.945373502728193e-05,1.573169023734942e-05,0.09127432035802249,1.52838670339183e-05,1.8447530402783674e-06,3.406018151717858e-07,0.005560025617853773,0.0008609725042953025,0.002266586971197306
0.001,0.001,0.001,0.001,49.0,3.0,9.24208579200664e-05,2.0037886917809128e-05,0.08877488294949566,2.0656610304590143e-05,3.1223052980259308e-06,2.0118924419775164e-06,0.005249284647155795,0.0008855046458625213,0.0033287152544628786,7.227711188252741e-05,1.4728981167329665e-05,0.09068860390522197,1.4857749875060177e-05,1.8961834194931555e-06,6.088738940143812e-07,0.00531669569909315,0.0008473580451291811,0.0033287152544628786
0.001,0.001,0.001,0.001,50.0,3.0,8.796662988437977e-05,2.126909605718807e-05,0.08871448238685327,2.1872556441213436e-05,3.2450363501989627e-06,1.769097444595776e-06,0.0051259053678084435,0.0008764134611121513,0.00265573289962129,8.509628539963311e-05,1.9563881800998088e-05,0.09093470898494704,1.8698673505987447e-05,2.352863869089823e-06,1.0202098913293209e-06,0.005592933159672503,0.0008621999527353474,0.00265573289962129
0.001,0.001,0.001,0.001,51.0,5.0,0.00010057755335441925,2.4839429709507693e-05,0.08888650858203576,2.7944917063727856e-05,5.36531803759194e-06,2.1557081253266927e-06,0.0049950652842209835,0.0008762914820177932,0.0027002073356593493,7.262588036407587e-05,1.530070411550608e-05,0.09062619032072629,1.6923516401722213e-05,3.6304990060296942e-06,3.6863216174112375e-07,0.004898120374672353,0.0008585682646319102,0.0027002073356593493
0.001,0.001,0.001,0.001,52.0,5.0,0.00011056140324557746,2.332715938229739e-05,0.08999204840414986,2.5822847454533703e-05,4.909975585075094e-06,2.984628160264559e-06,0.004642514345959602,0.0008704803442614349,0.004016518742063438,8.849150864121665e-05,2.1430439803961224e-05,0.08968504681191572,2.1714189142860512e-05,3.2654605586783122e-06,3.789623547686244e-07,0.004937262576179661,0.0008708146847897212,0.004016518742063438
0.001,0.001,0.001,0.001,53.0,5.0,9.49466251255606e-05,2.288896987259281e-05,0.09058226503109591,2.570283532208977e-05,4.292330695446401e-06,1.297650381684374e-06,0.00456875863581061,0.0008651636911565986,0.0027380794735924197,8.471613988226364e-05,2.1396402937128484e-05,0.08857924189151312,2.1481335290977105e-05,2.8209888771229294e-06,3.425278012816504e-07,0.004680916276585726,0.0008642917462522382,0.0027380794735924197
0.001,0.001,0.001,0.001,54.0,5.0,9.157556169292397e-05,2.195330649086995e-05,0.09145697920484902,2.4699460341701612e-05,4.22018560339688e-06,1.3110819823598557e-06,0.004507449318682181,0.0008761441507929924,0.0025865109515873256,8.021237189996612e-05,1.8635381158120735e-05,0.09389687336614241,1.9106956121473823e-05,2.8893594752240655e-06,5.074315304023259e-07,0.004627396276119256,0.0008664432536853298,0.0025865109515873256
0.001,0.001,0.001,0.001,55.0,5.0,9.84970062943644e-05,2.278699465806482e-05,0.09174484640648878,2.5665516751725505e-05,4.049932885847303e-06,2.2521101489397347e-06,0.004478978206810864,0.0008632585376448808,0.0030251675546298083,7.203538819496312e-05,1.3765683472548432e-05,0.09458030035192841,1.4618217623233654e-05,2.4305813964662776e-06,9.33532142273868e-07,0.004540666422662595,0.0008263335409900214,0.0030251675546298083
0.001,0.001,0.001,0.001,56.0,5.0,9.573909342490727e-05,2.2935799248461342e-05,0.0926662496949726,2.5687556395204845e-05,3.474522385043673e-06,1.2228464293683614e-06,0.004480266833237094,0.0008564155724361591,0.002886966715615945,7.742175534258893e-05,1.6565964257740235e-05,0.09535132120576725,1.792966104906695e-05,2.494575311605912e-06,2.3314987015294098e-07,0.004584840266235244,0.0008389283882316392,0.002886966715615945
0.001,0.001,0.001,0.001,57.0,5.0,9.34551841179916e-05,2.2906519149819383e-05,0.0944839933407287,2.5892647957026066e-05,3.457163543348893e-06,1.4582745002700988e-06,0.004396778993625115,0.0008580373885195213,0.002600199368025807,7.575025435409516e-05,1.665261886911684e-05,0.09529967321438736,1.8222629746312798e-05,2.256214402437329e-06,5.026284196089521e-07,0.004533421055010505,0.0008347252178164448,0.002600199368025807
0.001,0.001,0.001,0.001,58.0,5.0,9.937014899038911e-05,2.2374568901350023e-05,0.09420772513115523,2.5035750663668076e-05,3.678304102574514e-06,1.744295226608976e-06,0.004424831843172331,0.0008540881125633126,0.0032846017971025873,7.349458634931845e-05,1.70435517341368e-05,0.0947264327555766,1.7081497821439394e-05,2.4974653261364905e-06,4.515121778105222e-07,0.004422549076230235,0.0008393479126780041,0.0032846017971025873
0.001,0.001,0.001,0.001,59.0,5.0,9.30212285959406e-05,2.3655032697412204e-05,0.09357689836771581,2.6610684969762585e-05,3.573565413306123e-06,1.2273932216160445e-06,0.004403940429065001,0.0008564238997007627,0.0024314743934160422,6.977220507555576e-05,1.570390090579519e-05,0.09564566805430703,1.6686248603043878e-05,2.2146934199944274e-06,2.468966824637176e-07,0.004591135773405291,0.0008344242791786094,0.0024314743934160422
0.001,0.001,0.001,0.001,60.0,5.0,8.555967602867237e-05,2.1059388515319925e-05,0.09316385747715261,2.4010400163390294e-05,3.246479445916409e-06,1.0255926874148196e-06,0.004406083243294308,0.0008452009241712723,0.002267542559025511,7.422915001298392e-05,1.6329594513153566e-05,0.09629715431735963,1.7991836070508294e-05,2.0766401333408854e-06,2.051241996794719e-07,0.0046396062628091565,0.0008160541084709327,0.002267542559025511
0.001,0.001,0.001,0.001,61.0,5.0,0.00010028988060388171,2.6349900072977635e-05,0.094699501350483,2.8771712065799756e-05,3.8256595877613874e-06,2.3698857313509473e-06,0.004593739729777254,0.0008427238005809727,0.002528915502251133,7.057075569892742e-05,1.5269356837534194e-05,0.09436582259402361,1.653049505387814e-05,2.020004220569984e-06,3.0043768282798134e-07,0.004671315608631462,0.0008170087376042763,0.002528915502251133
0.001,0.001,0.001,0.001,62.0,5.0,8.703995158489621e-05,2.095216965840711e-05,0.09394262023832632,2.3994478880942883e-05,3.08880088062074e-06,9.930332582666439e-07,0.00444466815818403,0.0008263274743981869,0.002448557032121934,7.825122149099733e-05,1.7544737359394266e-05,0.09565539891181986,1.8405044999813467e-05,2.1694362441743746e-06,7.098527004790968e-07,0.00452763563088023,0.000832793384284512,0.002448557032121934
0.001,0.001,0.001,0.001,63.0,5.0,9.304078052109749e-05,2.321047651686017e-05,0.09614138570559191,2.5522816896326578e-05,3.1272648609284766e-06,1.5223873569964158e-06,0.00445565225003601,0.0008260108943389978,0.00259136426660057,7.122696513473479e-05,1.5228197665024503e-05,0.0968093613457247,1.63199013072813e-05,1.9782460793262736e-06,2.8735634035220886e-07,0.004701749815274748,0.0008135642294406524,0.00259136426660057
0.001,0.001,0.001,0.001,64.0,5.0,8.40949625243143e-05,2.0439792103049068e-05,0.0942779436273998,2.3337917054356078e-05,2.827498128927734e-06,9.747297431654496e-07,0.004364958659113492,0.0008164021185357663,0.002300522130350298,6.707676753961999e-05,1.4251856129291905e-05,0.0950555790315544,1.5303852363252512e-05,1.8879432365451878e-06,1.7503308049467865e-07,0.004415204238175522,0.0007770184296494803,0.002300522130350298
0.001,0.001,0.001,0.001,65.0,5.0,9.210748077275612e-05,2.4382089653542766e-05,0.09550851209472597,2.667322087992201e-05,3.2356405897463438e-06,1.2701175233962857e-06,0.00438318247878311,0.0008121444561853325,0.0022934839643749517,6.548677967654424e-05,1.3782267735047204e-05,0.0958956740184807,1.539860373038053e-05,1.773571454934392e-06,1.502297466052706e-07,0.00458511573004125,0.000779776953888434,0.0022934839643749517
0.001,0.001,0.001,0.001,66.0,5.0,0.00010461493407142833,2.3002102027672932e-05,0.09509444586452269,2.5944194336746522e-05,3.1280048473852033e-06,1.574621834340194e-06,0.004423003171913911,0.0007931976123700857,0.003749057942835507,7.143842487593159e-05,1.6352806061521565e-05,0.09588314890346346,1.7272315732198998e-05,1.8049546692468983e-06,4.3953462506736947e-07,0.0044511103070467425,0.0007739334542593253,0.003749057942835507
0.001,0.001,0.001,0.001,67.0,5.0,8.534439033845405e-05,2.076288220527922e-05,0.09489244524198215,2.3554576428902242e-05,2.923452520411801e-06,1.0612520452655759e-06,0.004327897473790168,0.0007970718340946023,0.0023567624339711443,6.738698599794067e-05,1.4314249548945853e-05,0.09823637010727654,1.5493483656196103e-05,1.7015742787427014e-06,2.722747619790376e-07,0.004385616461277111,0.0007479311231754772,0.0023567624339711443
0.001,0.001,0.001,0.001,68.0,5.0,8.964166717813558e-05,2.3107117341728826e-05,0.09598114039638318,2.546554394331956e-05,2.998199506701225e-06,1.228669418563887e-06,0.004345358053214198,0.0007952174035351254,0.002326793644962362,6.934549407089691e-05,1.5464777522539282e-05,0.09563280141034204,1.669743311295981e-05,1.9749695855556505e-06,2.457490332432709e-07,0.004427923665558251,0.0007816024391562577,0.002326793644962362
0.001,0.001,0.001,0.001,69.0,5.0,8.920193964034397e-05,2.2544465129500135e-05,0.095072890689438,2.5305382373554914e-05,3.0380516570654808e-06,1.6530344128428888e-06,0.00434329425949534,0.0007879922279393129,0.002321375683267999,6.858598003548295e-05,1.53686018269662e-05,0.0979510030307539,1.6627089365415355e-05,1.9360437411551717e-06,2.1259509283241207e-07,0.004517953867026723,0.0007737960927321212,0.002321375683267999
0.001,0.001,0.001,0.001,70.0,5.0,0.00011101954943503705,2.169945698711994e-05,0.09562859865980318,2.422093271249399e-05,3.431668838470563e-06,1.8335124997735003e-06,0.0045488316620392166,0.0007945725829479319,0.004629825708040726,7.961162349823765e-05,1.5820698880420655e-05,0.0966989611023546,1.6655064171002336e-05,2.2127196836440397e-06,7.07195661230915e-07,0.004339075683517093,0.0007687013052152784,0.004629825708040726
0.001,0.001,0.001,0.001,71.0,5.0,9.516773851251421e-05,2.2815392925619983e-05,0.09554681711363569,2.5344541200085415e-05,3.3091035757690667e-06,1.8076115271974411e-06,0.004315801340772571,0.0007900860371293058,0.0028385978018208554,7.287209751201164e-05,1.5866709187618387e-05,0.09754540063537394,1.7669515238960925e-05,2.001173014710367e-06,4.0821114036515387e-07,0.004511071359392581,0.0007645269176583051,0.0028385978018208554
0.001,0.001,0.001,0.001,72.0,5.0,8.403861131688131e-05,2.0414326365390277e-05,0.09540369647760155,2.3506325615185505e-05,2.7776401988486866e-06,8.714041053963505e-07,0.004290895460619313,0.000780018509350694,0.0023028453591279105,6.769343884319692e-05,1.4298229974963905e-05,0.09702890014071452,1.6010907972125357e-05,1.8581324195300383e-06,1.3317015850451523e-07,0.004464122678443802,0.0007577688575504136,0.0023028453591279105
0.001,0.001,0.001,0.001,73.0,5.0,8.781244161442354e-05,2.2946195671514128e-05,0.09620512796985553,2.5375448885890966e-05,2.965385093100096e-06,1.0569162245087784e-06,0.004336899339288158,0.0007786401651773528,0.0021954782655617235,6.95301888907222e-05,1.536814666456501e-05,0.0957338817694523,1.6842803820300976e-05,2.0024926107037768e-06,3.624937916692086e-07,0.004547630282973769,0.0007584583591899208,0.0021954782655617235
0.001,0.001,0.001,0.001,74.0,5.0,8.368493906294459e-05,2.0336851781022617e-05,0.09589155356394105,2.3555115994980708e-05,2.926765822207086e-06,9.561324653844125e-07,0.004397205937593304,0.0007715013937764634,0.0022463411592770805,7.061462064254337e-05,1.6471991907018773e-05,0.09745844206937758,1.7510945747987598e-05,2.298310383329162e-06,3.740892457020594e-07,0.004404555251153771,0.0007357205340840798,0.0022463411592770805
0.001,0.001,0.001,0.001,75.0,5.0,8.932647534044927e-05,2.31655780656799e-05,0.09626191849485859,2.552501740781292e-05,3.2195271183869667e-06,1.4213449964082189e-06,0.004356760209558759,0.0007634089161244333,0.0022551772206782627,6.993447589710541e-05,1.6183733559083178e-05,0.09721017396439739,1.6609588858930882e-05,2.0195100347932697e-06,3.1538131612736963e-07,0.004494417120695321,0.0007455643767920824,0.0022551772206782627
0.001,0.001,0.001,0.001,76.0,5.0,8.352101295052387e-05,2.030730443239509e-05,0.09500000655936067,2.345710265464198e-05,2.757504287388849e-06,9.456566344661518e-07,0.004363556590297228,0.0007515785283140726,0.0022795552387380774,7.557557711296037e-05,1.9208117931124948e-05,0.09640156277419167,2.1085445113854794e-05,1.992011155619137e-06,2.1076276531960706e-07,0.004510601699133319,0.000735885528201606,0.0022795552387380774
0.001,0.001,0.001,0.001,77.0,5.0,8.40929994791652e-05,2.1607434485458318e-05,0.096250044868366,2.4191864153362538e-05,2.6340008345384135e-06,9.8913291166051e-07,0.0043354518469057276,0.0007534293104846259,0.002127841669700945,7.437950934357087e-05,1.797267936709717e-05,0.09578379195315527,1.9241015410979758e-05,2.070837491112844e-06,4.141329615762132e-07,0.004443091574602325,0.0007378002090376376,0.002127841669700945
0.001,0.001,0.001,0.001,78.0,5.0,7.941568918762243e-05,1.958689700657275e-05,0.09569053363833538,2.255357674826991e-05,2.4891713604048696e-06,7.588709757439708e-07,0.004227474828145224,0.0007454725899048148,0.002073075758719273,7.781715663761712e-05,2.0907581978024354e-05,0.09848654267596292,2.2577193165444985e-05,1.8231583003764082e-06,2.707700232365174e-07,0.004262202043430807,0.0007396104174860099,0.002073075758719273
0.001,0.001,0.001,0.001,79.0,5.0,8.426675956843388e-05,2.1400908383326338e-05,0.09688739161453913,2.3263829001676527e-05,2.714581248143165e-06,1.1017546416194977e-06,0.004340279570157741,0.0007590144617992541,0.002230187576787501,7.158960195623705e-05,1.7501632420051028e-05,0.09465305178765089,1.8554565523167594e-05,2.016671741288694e-06,8.52559313502984e-08,0.00446426678471454,0.0007226210600288397,0.002230187576787501
0.001,0.001,0.001,0.001,80.0,5.0,0.0001004165733474195,2.16903458359092e-05,0.09521395879788606,2.45293876820449e-05,3.4787623862921474e-06,2.4443565223576333e-06,0.004533173704916286,0.0007437525300089018,0.003503356345730644,7.892226305129787e-05,1.9468272230896294e-05,0.0954577525886051,1.8909435891925136e-05,2.8383359951544054e-06,3.66640752835681e-07,0.0044154689865397705,0.0007378257430330009,0.003503356345730644
0.001,0.001,0.001,0.001,81.0,5.0,9.751448006257251e-05,2.5784619034130656e-05,0.09677433925407741,2.7140173835531013e-05,3.5125777695900887e-06,2.6751297041785933e-06,0.0044164660359999695,0.0007436955029473353,0.0025006069173260405,7.134577977433221e-05,1.670765899659415e-05,0.0933169400321067,1.7832271790423417e-05,2.1462627042050704e-06,4.091475998751101e-07,0.004374295890060807,0.0007372286274156621,0.0025006069173260405
0.001,0.001,0.001,0.001,82.0,5.0,8.125562277231814e-05,2.0334803263762152e-05,0.09366558405765725,2.3203724716905527e-05,2.727644402411168e-06,9.662361137988823e-07,0.00431644698195241,0.0007351891792614836,0.0020980710875493406,6.92021098744942e-05,1.6122234869974143e-05,0.0967335597698093,1.648654896949978e-05,2.1146405100388918e-06,3.1689730043386275e-07,0.0042635323262436185,0.0007122300320539169,0.0020980710875493406
0.001,0.001,0.001,0.001,83.0,5.0,8.910077379802666e-05,2.28701206527047e-05,0.09491871385467951,2.4801196998724735e-05,2.916366160002221e-06,1.5247649021632484e-06,0.004305953387092441,0.0007347593605760221,0.0023822657927375264,6.619775477366549e-05,1.5289267119799108e-05,0.09614446246634296,1.691655517329533e-05,1.8529404079276724e-06,2.775314020921478e-07,0.004426443113807779,0.0007011765778562185,0.0023822657927375264
0.001,0.001,0.001,0.001,84.0,5.0,9.203418203087957e-05,2.4603729022009584e-05,0.09407682575446236,2.6799586190233895e-05,3.314436466212306e-06,2.0790796779102902e-06,0.004459668015571388,0.0007272075868591627,0.002219363087879543,7.0117953952942e-05,1.6038815542707295e-05,0.09615019674742128,1.7569261310975165e-05,2.0731941449251114e-06,4.844175413611426e-07,0.004588583234758756,0.000719953954870617,0.002219363087879543
0.001,0.001,0.001,0.001,85.0,5.0,8.843600486164772e-05,2.189031874671038e-05,0.09353536608436758,2.4395344253795327e-05,3.1973188544032087e-06,1.3748731401468517e-06,0.004391501327031552,0.0007250391151627246,0.0024599418328762382,7.047387518505054e-05,1.646476124019693e-05,0.0945640971100114,1.795147269249929e-05,2.1730369273117924e-06,2.049097815379182e-07,0.004320077572336667,0.0007128566823490834,0.0024599418328762382
0.001,0.001,0.001,0.001,86.0,5.0,9.568309607024257e-05,2.4324059903658578e-05,0.09526699906516599,2.6562990924130366e-05,3.274989833715046e-06,2.0094307288136563e-06,0.00457440055732689,0.0007127421645868595,0.0026421214879953393,7.354997110218228e-05,1.8050576461065123e-05,0.09652285080792683,1.8901585679199038e-05,2.281584334183049e-06,6.095919367405904e-07,0.004766995661997445,0.0007112684479351948,0.0026421214879953393
0.001,0.001,0.001,0.001,87.0,5.0,8.685531089877963e-05,2.219756170889625e-05,0.09456034797101111,2.5118379890488806e-05,2.8320207773474402e-06,1.1920260546918178e-06,0.004680265139562281,0.0007118370521950847,0.0022500103329943055,6.874656841917932e-05,1.6019015511323885e-05,0.09607840627560661,1.7549158124648182e-05,1.9911981061193285e-06,4.7180371885912754e-07,0.004791061380232524,0.000705364732204171,0.0022500103329943055
0.001,0.001,0.001,0.001,88.0,5.0,8.94314588072293e-05,2.0964428092977206e-05,0.09431237352167761,2.319705169583374e-05,2.846959648054784e-06,1.1502406717851306e-06,0.004563780759641924,0.0007060680871429577,0.0028311201571977066,7.036236360710993e-05,1.5319114423263575e-05,0.09451649249784887,1.6226013131591517e-05,2.071054927261638e-06,2.1083430765067914e-07,0.004549279319590913,0.0006921074144677448,0.0028311201571977066
0.001,0.001,0.001,0.001,89.0,5.0,9.422414123919216e-05,2.332215414981892e-05,0.09502292591943105,2.563262583495592e-05,3.063474524588074e-06,1.3828216250382335e-06,0.004681100696586931,0.0007082285138633159,0.002777963095762681,6.477238574717676e-05,1.4476520254155648e-05,0.09662581991819646,1.624147711672014e-05,1.9272631626859215e-06,4.271604012606033e-07,0.004721150442944999,0.0006818684551389139,0.002777963095762681
0.001,0.001,0.001,0.001,90.0,5.0,8.510912573692303e-05,2.203939968002499e-05,0.0948668320501441,2.4737987502849864e-05,2.8399168219869446e-06,1.161271317042399e-06,0.004668765849752347,0.0007050985643125243,0.0021318375252446665,6.571224110203818e-05,1.543593711067593e-05,0.09675913544286399,1.6519407966016115e-05,1.6699240952602898e-06,3.5253152285350037e-07,0.004707596915980918,0.0006658679714837726,0.0021318375252446665
0.001,0.001,0.001,0.001,91.0,5.0,7.683232582318716e-05,1.919057425416682e-05,0.09393648120302786,2.203405913912487e-05,2.4359843045271224e-06,7.479738438716302e-07,0.0045309966883742185,0.0006950715262952525,0.0019554729262216304,6.463617159509685e-05,1.5390027163899605e-05,0.0967439754367802,1.648124888873216e-05,1.7122620571860078e-06,5.000879305935983e-07,0.004462018778085605,0.0006760916138967771,0.0019554729262216304
0.001,0.001,0.001,0.001,92.0,5.0,8.887002463680562e-05,2.0742905710965705e-05,0.09514371310836063,2.303875129405408e-05,3.0410512238408883e-06,1.5253099445687137e-06,0.004420023372368701,0.0006954052722120309,0.0027530609494026527,6.762331088722338e-05,1.6015280291261316e-05,0.09726941582964944,1.725766477087519e-05,2.033905584535822e-06,6.333846775741062e-07,0.004318313964529087,0.0006670354878169291,0.0027530609494026527
0.001,0.001,0.001,0.001,93.0,5.0,8.236852890368174e-05,2.0655741625689498e-05,0.09476534982370449,2.34254837608326e-05,2.7683772702557184e-06,9.020825404238289e-07,0.004355126883946195,0.00069403055912616,0.002167015659489845,6.611002750250823e-05,1.6012243228259577e-05,0.09667538901084234,1.7590966720395425e-05,2.0598259607808957e-06,3.4634195813448493e-07,0.004330268780102788,0.0006697762127870705,0.002167015659489845
0.001,0.001,0.001,0.001,94.0,5.0,8.043074518918017e-05,2.051331577089314e-05,0.09458977435313368,2.3215400390724828e-05,2.6883666267405285e-06,1.0537445333552268e-06,0.004409915287949136,0.0006897874241113816,0.0020052004151807214,6.711353694673148e-05,1.613824945391947e-05,0.09914500358399381,1.7800067149011326e-05,1.6682816242260496e-06,7.749095592525439e-07,0.004480992348070998,0.0006685249460941582,0.0020052004151807214
0.001,0.001,0.001,0.001,95.0,5.0,8.337033094962485e-05,2.182153005691405e-05,0.09493461417332676,2.4582442733080153e-05,2.765257580670437e-06,1.0007862065017238e-06,0.004439507250828203,0.0006859369382095391,0.0020277169052960145,6.07980980926017e-05,1.3762453808911549e-05,0.09764715877193363,1.5413053536945296e-05,1.7242664561620703e-06,4.235675955303532e-07,0.004533087968336887,0.0006549514583798967,0.0020277169052960145
0.001,0.001,0.001,0.001,96.0,5.0,8.459581890139202e-05,2.221319242767342e-05,0.09403078352747143,2.464110368766631e-05,3.015549298962416e-06,1.4429052647757556e-06,0.004575479312282576,0.0006821454829338371,0.0020469263091239423,6.567752127621771e-05,1.5476639921226166e-05,0.09540884785334819,1.6564278985282012e-05,2.4158730136599406e-06,5.058037431973847e-07,0.004583699251995997,0.0006609524958106941,0.0020469263091239423
0.001,0.001,0.001,0.001,97.0,5.0,8.02505764145901e-05,2.0029103960614983e-05,0.09356607803729483,2.2993787185910574e-05,2.730624382938355e-06,8.232612160831148e-07,0.004465539999850993,0.0006703706119186422,0.002096533970846703,6.173266178246929e-05,1.3976753490942075e-05,0.09622711937491402,1.5466778038281206e-05,1.944142825963725e-06,5.470833873988563e-07,0.004512720896686164,0.0006475955242445643,0.002096533970846703
0.001,0.001,0.001,0.001,98.0,5.0,8.157332686151718e-05,2.151299663787455e-05,0.0951779721856861,2.3988737232365844e-05,2.7491807319408003e-06,1.049007457065051e-06,0.0043510377327780365,0.0006693956846969039,0.0019408629979815605,6.560980755467106e-05,1.574814790636094e-05,0.0959160598630831,1.741270953203252e-05,2.2009001664139216e-06,4.842482734509769e-07,0.004424317048455274,0.0006539686944202079,0.0019408629979815605
0.001,0.001,0.001,0.001,99.0,5.0,8.214677292433982e-05,2.1965846189815006e-05,0.09479880179672631,2.415602186332049e-05,2.7311725681318617e-06,1.0189772043445268e-06,0.004465079960058041,0.0006693637585212898,0.0019448057267559182,6.878553306508419e-05,1.620055043683965e-05,0.0934641453708774,1.7439722035627255e-05,2.600925629447684e-06,1.1141563827660323e-06,0.004714558261640646,0.000628685255694125,0.0019448057267559182
0.001,0.001,0.001,0.001,100.0,5.0,8.072326925683131e-05,2.0409418928810272e-05,0.0939277973789691,2.3042888219772734e-05,2.8906232023652148e-06,1.1622937798376201e-06,0.0046578908216328265,0.0006627385964467791,0.0020511573158066296,6.583895579655795e-05,1.6017285268794016e-05,0.09453268760015146,1.680781302794578e-05,2.1009335639289194e-06,2.395586656416703e-07,0.004702505464814506,0.000626666239587962,0.0020511573158066296
